,title,sku,item
4,"Radfactor Manipulation Ball (185mm, 419 grams) ",BounceBall:RFB,yellow (OUT OF STOCK)
7,"Radfactor Manipulation Ball (185mm, 419 grams) ",BounceBall:RFB,white (1 IN STOCK)
10,"Radfactor Manipulation Ball (185mm, 419 grams) ",BounceBall:RFB,magenta (OUT IF STOCK)
15,"Radfactor Manipulation Ball (185mm, 419 grams) ",BounceBall:RFB,light blue (OUT OF STOCK)
21,"Radfactor Manipulation Ball (185mm, 419 grams) ",BounceBall:RFB,floro red (3 IN STOCK)
28,"Radfactor Manipulation Ball (185mm, 419 grams) ",BounceBall:RFB,green (OUT OF STOCK)
36,"Radfactor Manipulation Ball (185mm, 419 grams) ",BounceBall:RFB,orange (out of stock)
49,Color Swirl Stage Balls 100mm ,Stgbal:SWR100,green swirl (4 IN STOCK)
50,Pearlescent Stage Ball 100mm ,Stgbal:PSB100,white pearl (OUT OF STOCK)
59,Color Swirl Stage Balls 100mm ,Stgbal:SWR100,pink swirl (2 IN STOCK)
74,"Glitter Stage Ball, 125mm ",Stgbal:Glit125,red (OUT OF STOCK)
79,Color Swirl Stage Balls 100mm ,Stgbal:SWR100,orange swirl (2 IN STOCK)
81,Play Stage Balls 100mm,Stgbal:PSB100,blue 260 gram ( out of stock)
91,Color Swirl Stage Balls 100mm ,Stgbal:SWR100,yellow swirl (2 IN STOCK)
92,Pearlescent Stage Ball 100mm ,Stgbal:PSB100,orange (OUT OF STOCK)
95,"Glitter Stage Ball, 125mm ",Stgbal:Glit125,chartreuse (OUT OF STOCK)
98,Deos Diabolo String,InvDiab:Pdoess,green (10 meters) (OUT OF STOCK) ($10.00)
106,Stage Ball 110mm &amp; 115mm,Stgbal:STG425,4.5 inch red (OUT OF STOCK) ($14.00)
110,Deos Diabolo String,InvDiab:Pdoess,blue (10 meters) (OUT OF STOCK) ($10.00)
115,Pearlescent Stage Ball 100mm ,Stgbal:PSB100,pink (1 IN STOCK)
117,Stage Ball 110mm &amp; 115mm,Stgbal:STG425,4.5 inch floro orange ( out of stock) ($14.00)
118,"Glitter Stage Ball, 125mm ",Stgbal:Glit125,blue (1 IN STOCK)
127,Pearlescent Stage Ball 100mm ,Stgbal:PSB100,aqua (OUT OF STOCK)
130,"Glitter Stage Ball, 125mm ",Stgbal:Glit125,pink (OUT OF STOCK)
132,Deos Diabolo String,InvDiab:Pdoess,orange (10 meter) (OUT OF STOCK) ($10.00)
135,Play Pastel Flat Ring 32cm,ManRflat:PPR32,single ring (2 IN STOCK) ($6.00)
143,"Glitter Stage Ball, 125mm ",Stgbal:Glit125,silver (OUT OF STOCK)
145,Deos Diabolo String,InvDiab:Pdoess,white (10 meter) (OUT OF STOCK) ($10.00)
148,"Printed PU Beanbag Six Panel (72mm, 140 grams) ",Bbags:PUPL,black dot (OUT OF STOCK)
149,"Spider Fly Line 25m, 35m and 50m",Slackline,Fly line 35 meters (OUT OF STOCK) ($129.00)
152,"Spider Slacklines White Line 15m, Training Line 18m",Slackline,15 meters (OUT OF STOCK) ($54.99)
154,Stage Ball 110mm &amp; 115mm,Stgbal:STG425,4.5 inch blue (7 IN STOCK) ($14.00)
155,"Glitter Stage Ball, 125mm ",Stgbal:Glit125,gold (OUT OF STOCK)
157,Deos Diabolo String,InvDiab:Pdoess, yellow (10 meter) (OUT OF STOCK) ($10.00)
160,"Printed PU Beanbag Six Panel (72mm, 140 grams) ",Bbags:PUPL,blue dot (OUT OF STOCK)
161,"Spider Fly Line 25m, 35m and 50m",Slackline,Fly line 50 meters (OUT OF STOCK) ($230.00)
166,Deos Diabolo String,InvDiab:Pdoess,green (100 meters) (OUT OF STOCK) ($49.00)
175,Play Pastel Flat Ring 32cm,ManRflat:PPR32,pastel yellow (OUT OF STOCK)
181,Play Pastel Flat Ring 32cm,ManRflat:PPR32,pastel blue (OUT OF STOCK)
184,Deos Diabolo String,InvDiab:Pdoess,orange (100 meter) ( out of stock) ($49.00)
185,Play Pastel Flat Ring 32cm,ManRflat:PPR32,pastel green (OUT OF STOCK)
186,"Printed PU Beanbag Six Panel (72mm, 140 grams) ",Bbags:PUPL,red stripe (OUT OF STOCK)
188,Deos Diabolo String,InvDiab:Pdoess,white (100 meter) ( out of stock) ($49.00)
189,Play Pastel Flat Ring 32cm,ManRflat:PPR32,pastel pink (OUT OF STOCK)
190,"Printed PU Beanbag Six Panel (72mm, 140 grams) ",Bbags:PUPL,blue stripe ( out of stock)
191,Deos Diabolo String,InvDiab:Pdoess,yellow (100 meter) ( out of stock) ($49.00)
192,Play Pastel Flat Ring 32cm,ManRflat:PPR32,pastel orange (OUT OF STOCK)
195,Play Pastel Flat Ring 32cm,ManRflat:PPR32,pastel violet (OUT OF STOCK)
202,"Solid Triangle, Square, Circle Rings",ManRflat:trisquaround,White Square(out of stock)
204,"Solid Triangle, Square, Circle Rings",ManRflat:trisquaround,White Triangle (out of stock)
215,"Instructional Triangle Beanbag (65mm, 67 grams)",Bbags:INS,red (5 bags IN STOCK)
216,SRX Soft Russian 75mm,Stgbal:SRX3R,red gloss (1 IN STOCK)
219,"Instructional Triangle Beanbag (65mm, 67 grams)",Bbags:INS,orange (OUT OF STOCK)
220,SRX Soft Russian 75mm,Stgbal:SRX3R,yellow gloss (2 IN STOCK)
225,"Instructional Triangle Beanbag (65mm, 67 grams)",Bbags:INS,yellow (1 bag IN STOCK)
226,SRX Soft Russian 75mm,Stgbal:SRX3R,blue (gloss) (2 IN STOCK)
232,"Instructional Triangle Beanbag (65mm, 67 grams)",Bbags:INS,light green (6 bags IN STOCK)
233,SRX Soft Russian 75mm,Stgbal:SRX3R,pink gloss ( 1 in stock)
238,Renegade Glass Russian Ball 100mm ,Stgbal:STG4R,pink( out of stock)
240,SRX Soft Russian 75mm,Stgbal:SRX3R,red matte (5 IN STOCK)
247,Renegade Glass Russian Ball 100mm ,Stgbal:STG4R,blue ( out of stock)
248,"Instructional Triangle Beanbag (65mm, 67 grams)",Bbags:INS,light blue (9 bags IN STOCK)
249,SRX Soft Russian 75mm,Stgbal:SRX3R,orange matte ( 4 in stock)
256,Renegade Glass Russian Ball 100mm ,Stgbal:STG4R,green( out of stock)
257,"Instructional Triangle Beanbag (65mm, 67 grams)",Bbags:INS,purple (2 bags IN STOCK)
264,Renegade Nano rings,ManRflat:RINANO,9 inch (10 IN STOCK)
277,Gora Practice LeviStick,FireInv:GLEVIP,blue (OUT OF STOCK)
294,Renegade Glass Russian Ball 100mm ,Stgbal:STG4R,red( out of stock)
316,Play Diabolo Handsticks Deos and Geko,InvDiab:PHS,deos blue/white grip/white string (1 IN STOCK) ($35.00)
327,Play Diabolo Handsticks Deos and Geko,InvDiab:PHS,deos red/white grip/orange string (3 IN STOCK) ($35.00)
338,Play Diabolo Handsticks Deos and Geko,InvDiab:PHS,deos black/white white string (3 IN STOCK) ($35.00)
344,Play SIL-X 100mm,Stgbal:SILX100,Glow-In-The-Dark (OUT OF STOCK) ($2.00)
354,"Clear Acrylic Juggling Balls 44mm, 51mm, 60mm, 65mm, 70mm, 76mm, 82mm",Cball:ASMAL,"60mm (2.36"") (OUT OF STOCK) ($14.00)"
401,Target Whip five and six foot shot loaded,WHIPSshotloadedtarget,red 6 foot (OUT OF STOCK) ($105.00)
407,Radfactor Soarin Pearlesent Diabolo (triple bearing option),InvDiab:RFD,white pearlesent fixed ( out of stock)
415,Target Whip five and six foot shot loaded,WHIPSshotloadedtarget,red 5 foot (OUT OF STOCK) ($95.00)
417,"Px4 Hybrid 95mm, Fiberglass Dowel",Clubs:95hybridfiber,BLUE ( out of stock)
435,Radfactor Soarin Pearlesent Diabolo (triple bearing option),InvDiab:RFD,white pearlesent triple bearing(out of stock) ($10.00)
484,Henrys Circus Diabolo,InvDiab:CIR,red (OUT OF STOCK)
571,Henrys Circus Diabolo,InvDiab:CIR,blue (1 IN STOCK)
632,Renegade 105mm (Un-Decorated),Clubs:105,WHITE (OUT OF STOCK)
635,Renegade Fathead (Colored Handles),Clubs:FATC,white (OUT OF STOCK)
660,Decorated Renegade 105mm,Clubs:105D,RED ( out of stock)
662,Renegade Fathead (Colored Handles),Clubs:FATC,red( out of stock) 
664,Koxx-One Seat post Clamp,Uni:KCLAM,orange/double bolt (OUT OF STOCK)
668,"Renegade 85mm, Wood Dowel (Un-Decorated)",Clubs:85,UN-TAPED ( out of stock)
694,Decorated Renegade 105mm,Clubs:105D,ORANGE (2 IN STOCK)
706,"QX #rgb seatpost, 31.6 cm",QUAXSP2,blue (OUT OF STOCK)
707,Decorated Renegade 75mm Juggling Club,Clubs:75D,white (OUT OF STOCK)
726,Decorated Renegade 105mm,Clubs:105D,TANGERINE (3 IN STOCK)
727,Renegade Fathead (Colored Handles),Clubs:FATC,green ( out of stock) 
738,Decorated Renegade 75mm Juggling Club,Clubs:75D,yellow (2 in stock)
755,Renegade 105mm (Un-Decorated),Clubs:105,GREEN (out of stock)
756,Decorated Renegade 105mm,Clubs:105D,YELLOW (1 IN STOCK)
767,"QX #rgb seatpost, 31.6 cm",QUAXSP2,red (OUT OF STOCK)
768,Decorated Renegade 75mm Juggling Club,Clubs:75D,blue (1 in stock)
789,Decorated Renegade 105mm,Clubs:105D,GREEN ( out of stock)
800,Decorated Renegade 75mm Juggling Club,Clubs:75D,green (4 in stock)
803,Renegade 75mm Club (Un-Decorated),Clubs:75,white (out of stock)
819,Decorated Renegade 105mm,Clubs:105D,AQUA (2 IN STOCK)
820,Renegade Fathead (Colored Handles),Clubs:FATC,yellow( out of stock) 
823,Henrys Delphin Long Decorated,Clubs:Hdelp,red (OUT OF STOCK)
830,Decorated Renegade 75mm Juggling Club,Clubs:75D,aqua ( out of stock)
834,Sundia Diabolo Axles,InvDiab:CIRTK,sundia anodized (OUT OF STOCK) ($16.00)
847,Decorated Renegade 105mm,Clubs:105D,BLUE ( out of stock)
855,Henrys Delphin Long Decorated,Clubs:Hdelp,green (OUT OF STOCK)
862,Decorated Renegade 75mm Juggling Club,Clubs:75D,pink (4 in stock)
879,Decorated Renegade 105mm,Clubs:105D,PURPLE ( out of stock)
885,Henrys Delphin Long Decorated,Clubs:Hdelp,blue (OUT OF STOCK)
892,Decorated Renegade 75mm Juggling Club,Clubs:75D,tangerine (4 in stock)
895,Renegade 75mm Club (Un-Decorated),Clubs:75,green(out of stock)
909,Decorated Renegade 105mm,Clubs:105D,HOT PINK ( out of stock)
921,Decorated Renegade 75mm Juggling Club,Clubs:75D,orange (4 in stock)
922,Renegade 75mm Travel Club,Clubs:75travel,green (out of stock)
949,Decorated Renegade 75mm Juggling Club,Clubs:75D,red (7 in stock)
969,Henrys Delphin Long Decorated,Clubs:Hdelp,white (OUT OF STOCK)
976,Decorated Renegade 75mm Juggling Club,Clubs:75D,purple ( out of stock)
987,"Decorated Renegade 85mm, Wood Dowel (colored rubber)",Clubs:85DC,UN-TAPED ( out of stock)
990,Renegade 105mm (Un-Decorated),Clubs:105,UN-TAPED ( out of stock)
991,Decorated Renegade 105mm,Clubs:105D,UN-TAPED (out of stock)
994,Renegade Jugging Club Parts 95mm,Clubs:PART95,Flat Club Top Dark Blue ( out of stock) ($10.00)
1026,Decorated Renegade 75mm Juggling Club,Clubs:75D,UNTAPED ( out of stock)
1050,Renegade 75mm Travel Club,Clubs:75travel,white (out of stock)
1640,"Vinyl and Clear Tape: 1/2, 3/4 inch",Clubs:partstape,Black 3/4 inch ( out of stock)
1670,"My First Diabolo Book, Stick Grinds and Suicides, Crazy Cradles and Baffling Body Moves, Two Hot To Handle, Totally Diabolical",InvDiab:DIA0,Stick Grinds and Suicides (OUT OF STOCK) ($10.00)
1682,"My First Diabolo Book, Stick Grinds and Suicides, Crazy Cradles and Baffling Body Moves, Two Hot To Handle, Totally Diabolical",InvDiab:DIA0,Crazy Cradles and Baffling Body Moves ( out of stock) ($10.00)
1831,Henrys Albatros Europ,Clubs:Haabe,green (3 IN STOCK)
1857,MHD Pro Sundia diabolo,InvDiab:MHD,white fixed axle (OUT OF STOCK)
1896,MHD Pro Sundia diabolo,InvDiab:MHD,white triple bearing (OUT OF STOCK) ($10.00)
1899,Henrys Vision Diabolo,InvDiab:VIS,white (2 IN STOCK)
1933,"Decorated Renegade 85mm, Wood Dowel",Clubs:85D,UN-TAPED ( out of stock)
1938,Henrys Vision Diabolo,InvDiab:VIS,black (2 IN STOCK)
2111,"Renegade 85mm, Wood Dowel (Colored Rubber)",Clubs:85+colored,UN-TAPED ( out of stock)
2244,Henrys Pirouette Europ,Clubs:Hpire,blue (OUT OF STOCK)
2281,Radfactor Hand Sticks Wood Silicone Thin (51cm) ,DEV:RFHWT,red (out of stock)
2282,Sundia Micro High Flyer Diabolo (fixed axle),InvDiab:SHHF,Blue (2 IN STOCK)
2296,Radfactor Hand Sticks Wood Silicone Thin (51cm) ,DEV:RFHWT,blue (3 pair in stock)
2315,Radfactor Hand Sticks Wood Silicone Thin (51cm) ,DEV:RFHWT,green (3 pair in stock)
2333,Radfactor Hand Sticks Wood Silicone Thin (51cm) ,DEV:RFHWT,purple (3 pair in stock)
2350,Radfactor Hand Sticks Wood Silicone Thin (51cm) ,DEV:RFHWT,orange (3 pair in stock)
2367,Radfactor Hand Sticks Wood Silicone Thin (51cm) ,DEV:RFHWT,pink (3 pair in stock)
2372,Sundia Half Diabolo Top,InvDiab:SHD,green (OUT OF STOCK)
2383,Radfactor Hand Sticks Wood Silicone Thin (51cm) ,DEV:RFHWT,white (2 IN STOCK)
2390,Staff Grip Tape,SGT,green (French) ( out of stock) ($5.00)
2399,Radfactor Hand Sticks Wood Silicone Thin (51cm) ,DEV:RFHWT,yellow (3 pair in stock)
2560,Radfactor Hand Sticks Wood Silicone Thin (49cm),DEV:RFHWT,blue (3 pair in stock)
2573,Radfactor Hand Sticks Wood Silicone Thin (49cm),DEV:RFHWT,green (3 pair in stock)
2587,Radfactor Hand Sticks Wood Silicone Thin (49cm),DEV:RFHWT,purple (3 pair in stock)
2602,Radfactor Hand Sticks Wood Silicone Thin (49cm),DEV:RFHWT,orange (3 pair in stock)
2612,Radfactor Hand Sticks Wood Silicone Thick (51cm),DEV:RFHWT,red (3 IN STOCK)
2620,Radfactor Hand Sticks Wood Silicone Thin (49cm),DEV:RFHWT,pink (3 pair in stock)
2629,Radfactor Hand Sticks Wood Silicone Thick (51cm),DEV:RFHWT,blue (out of stock)
2630,Sundia Nimble Diabolo Fixed Axle,InvDiab:SNR,orange (OUT OF STOCK)
2636,Radfactor Hand Sticks Wood Silicone Thin (49cm),DEV:RFHWT,white (2 IN STOCK)
2647,Radfactor Hand Sticks Wood Silicone Thick (51cm),DEV:RFHWT,purple (3 IN STOCK)
2648,Sundia Nimble Diabolo Fixed Axle,InvDiab:SNR,yellow (1 IN STOCK)
2654,Radfactor Hand Sticks Wood Silicone Thin (49cm),DEV:RFHWT,yellow (3 pair in stock)
2663,Radfactor Hand Sticks Wood Silicone Thick (51cm),DEV:RFHWT,orange (2 IN STOCK)
2664,Sundia Nimble Diabolo Fixed Axle,InvDiab:SNR,pink (1 IN STOCK)
2675,Radfactor Hand Sticks Wood Silicone Thin (49cm),DEV:RFHWT,red (3 pair in stock)
2684,Radfactor Hand Sticks Wood Silicone Thick (51cm),DEV:RFHWT,pink (2 IN STOCK)
2688,Radfactor Hand Sticks Wood Silicone Thick (49cm),DEV:RFHWT,red (2 IN STOCK)
2702,Radfactor Hand Sticks Wood Silicone Thick (51cm),DEV:RFHWT,white (OUT OF STOCK)
2706,Radfactor Hand Sticks Wood Silicone Thick (49cm),DEV:RFHWT,blue (OUT OF STOCK)
2722,Radfactor Hand Sticks Wood Silicone Thick (51cm),DEV:RFHWT,yellow (2 IN STOCK)
2726,Radfactor Hand Sticks Wood Silicone Thick (49cm),DEV:RFHWT,green (3 pair in stock)
2743,Radfactor Hand Sticks Wood Silicone Thick (51cm),DEV:RFHWT,green (OUT OF STOCK)
2747,Radfactor Hand Sticks Wood Silicone Thick (49cm),DEV:RFHWT,purple (3 pair in stock)
2766,Radfactor Hand Sticks Wood Silicone Thick (49cm),DEV:RFHWT,orange (1 IN STOCK)
2785,Radfactor Hand Sticks Wood Silicone Thick (49cm),DEV:RFHWT, pink (2 IN STOCK)
2803,Radfactor Hand Sticks Wood Silicone Thick (49cm),DEV:RFHWT,white (out of stock)
2819,"Renegade 95mm+, Plastic Dowel (Un-Decorated)",Clubs:95+plastic,BLUE ( out of stock)
2820,Radfactor Hand Sticks Wood Silicone Thick (49cm),DEV:RFHWT,yellow (3 pair in stock)
2853,"Renegade 95mm+, Fiberglass Dowel (Un-decorated)",Clubs:95+,BLUE ( out of stock)
3056,Gora Contact Fire Staff,GCS,Big Woven Wicks (OUT OF STOCK) ($199.00)
3077,Kangaroo Bull Whip five and six foot shot loaded,WHIPSkagarooshotloaded,Black 6 foot (1 IN STOCK) ($199.00)
3097,Radfactor Soarin Diabolo (triple bearing included) ,InvDiab:RFDT,translucent blue diabolo (OUT OF STOCK) ($55.00)
3114,Bull Whips five foot and six foot shot loaded,WHIPSshotloaded,Black 6 foot ( out of stock) ($105.00)
3160,Play Mephisto Juggling Torch,Ftorches:PTOR,black handle white knob (5 IN STOCK)
3161,Bull Whips five and six foot,WHIPS,Black 5 foot (1 IN STOCK) ($79.00)
3168,Bull Whips five foot and six foot shot loaded,WHIPSshotloaded,White/Black 5 foot ( out of stock) ($95.00)
3196,Bull Whips five and six foot,WHIPS,Red/Black 5 foot (1 IN STOCK) ($79.00)
3233,Bull Whips five and six foot,WHIPS,White/Black 5 foot (1 IN STOCK) ($79.00)
3259,Colored Acrylic Inner Ball 75mm,Cball:COL075,yellow inner ball ( 4 in stock)
3260,Radfactor Hand Sticks Carbon Silicone Thin (51cm),DEV:RFHWT,red (OUT OF STOCK)
3279,Colored Acrylic Inner Ball 75mm,Cball:COL075,green inner ball ( 3 in stock)
3280,Radfactor Hand Sticks Carbon Silicone Thin (51cm),DEV:RFHWT,blue (OUT OF STOCK)
3284,Fire Fan Small Flower Arc (out of stock),FireInv:firefansamllflowerarc,Fire Fan Small Flower Arc (out of stock)
3296,Bull Whips five and six foot,WHIPS,Yellow/Black 5 foot (OUT OF STOCK) ($89.00)
3301,Radfactor Hand Sticks Carbon Silicone Thin (51cm),DEV:RFHWT,green (OUT OF STOCK)
3303,Play Fire Chain Poi,Fdance:PCHA,pair medium wick head (2 7/8 inch) (OUT OF STOCK) ($45.00)
3320,Colored Acrylic Inner Ball 75mm,Cball:COL075,Glow-In-The-Dark inner ball ( out of stock)
3321,Radfactor Hand Sticks Carbon Silicone Thin (51cm),DEV:RFHWT,purple (out of stock)
3324,"12 Panel Synthetic Leather Ball (65mm, 100 grams) ",Bbags:PVS62,dark blue (OUT OF STOCK)
3330,Radfactor Soarin Diabolo (fixed axle),InvDiab:RFD,red glitter (OUT OF STOCK)
3338,Colored Acrylic Inner Ball 75mm,Cball:COL075,silver inner ball (OUT OF STOCK)
3339,Radfactor Hand Sticks Carbon Silicone Thin (51cm),DEV:RFHWT,burnt orange (OUT OF STOCK)
3347,Radfactor Soarin Diabolo (fixed axle),InvDiab:RFD,blue glitter (OUT OF STOCK)
3362,Colored Acrylic Inner Ball 75mm,Cball:COL075,black inner ball (OUT OF STOCK)
3363,Radfactor Hand Sticks Carbon Silicone Thin (51cm),DEV:RFHWT,pink (1 pair in stock)
3371,Radfactor Soarin Diabolo (fixed axle),InvDiab:RFD,aqua glitter (OUT OF STOCK)
3376,"Utra-Violet Acrylic Balls (blue tint) 65mm, 70mm, 76mm, 90mm, 100mm",Cball:COL100,100mm (OUT OF STOCK) ($40.00)
3384,Radfactor Hand Sticks Carbon Silicone Thin (51cm),DEV:RFHWT,white (OUT OF STOCK)
3386,"12 Panel Synthetic Leather Ball (65mm, 100 grams) ",Bbags:PVS62,orange (1 IN STOCK)
3396,"Utra-Violet Acrylic Balls (blue tint) 65mm, 70mm, 76mm, 90mm, 100mm",Cball:COL100,90mm (OUT OF STOCK) ($38.00)
3404,Radfactor Hand Sticks Carbon Silicone Thin (51cm),DEV:RFHWT,light green (OUT OF STOCK)
3456,"Renegade 95mm, Wood Dowel (Colored Rubber)",Clubs:95+colored,UNTAPED (out of stock)
3462,"Renegade 95mm, Wood Dowel (Un-Decorated)",Clubs:95,RED (out of stock)
3485,"Renegade 95mm, Wood Dowel (Un-Decorated)",Clubs:95,LIGHT BLUE (out of stock)
3496,"Renegade 95mm, Wood Dowel (Un-Decorated)",Clubs:95,BLUE (out of stock)
3507,"Renegade 95mm, Wood Dowel (Un-Decorated)",Clubs:95,GREEN (out of stock)
3530,Fire Chain Poi,Fdance:CHA,silicone round yellow (OUT OF STOCK) ($10.00)
3540,"Renegade 95mm, Wood Dowel (Un-Decorated)",Clubs:95,UN-TAPED (out of stock)
3685,"12 Panel Synthetic Leather Ball (62mm, 80 grams)",Bbags:PVS6280,black (OUT OF STOCK)
3707,Play Juggling Spinning Ball 215mm,BounceBall:PSB,red ( 1 in stock)
3722,Play Juggling Spinning Ball 215mm,BounceBall:PSB,yellow ( 3 in stock)
3730,"14 Panel Suede Leather Ball (75mm, 137 grams)",Bbags:SUE14,tan/black-75mm (1 IN STOCK)
3732,Colored Acrylic Ball 90mm,Cball:COL090,UV Clear/Blue Tint (OUT OF STOCK) ($5.00)
3737,Sundia Marble Diabolo (triple bearing option),InvDiab:SHIM,green/white ( out of stock)
3744,"14 Panel Suede Leather Ball (75mm, 137 grams)",Bbags:SUE14,yellow/black (OUT OF STOCK)
3746,Colored Acrylic Ball 90mm,Cball:COL090,Opaque White (1 IN STOCK)
3753,Sundia Marble Diabolo (triple bearing option),InvDiab:SHIM,blue/white (OUT OF STOCK)
3757,"14 Panel Suede Leather Ball (75mm, 137 grams)",Bbags:SUE14,yellow/red (OUT OF STOCK)
3758,Colored Acrylic Ball 90mm,Cball:COL090,Opaque Black ( 2 in stock)
3764,Sundia Marble Diabolo (triple bearing option),InvDiab:SHIM,purple/white (OUT OF STOCK)
3766,"14 Panel Suede Leather Ball (75mm, 137 grams)",Bbags:SUE14,yellow/blue-80mm (1 IN STOCK)
3767,Colored Acrylic Ball 90mm,Cball:COL090,Translucent Red (OUT OF STOCK)
3774,Colored Acrylic Ball 90mm,Cball:COL090,Translucent Orange ( 3 in stock) 
3781,Colored Acrylic Ball 90mm,Cball:COL090,Translucent Chartreuse (OUT OF STOCK)
3788,Colored Acrylic Ball 90mm,Cball:COL090,Translucent Aqua ( out of stock)
3794,Colored Acrylic Ball 90mm,Cball:COL090,Translucent Dark Blue (1 IN STOCK)
3799,Colored Acrylic Ball 90mm,Cball:COL090,Translucent Purple ( 3 in stock)
3838,Gora Fire Arm Braces ,GFB,men pair (brown) (OUT OF STOCK) ($39.00)
3842,Gora Fire Arm Braces ,GFB,woman pair (silver) (OUT OF STOCK) ($49.00)
3846,Gora Fire Arm Braces ,GFB,woman pair (brown/tan) (OUT OF STOCK) ($49.00)
3854,Gora Fire Arm Braces ,GFB,mens pair ( black) (OUT OF STOCK) ($39.00)
3858,Circus Stilts,STILTS,red (OUT OF STOCK) ($139.00)
3864,Circus Stilts,STILTS,orange (OUT OF STOCK) ($129.00)
3872,Circus Stilts,STILTS,green (OUT OF STOCK) ($99.00)
3873,"12 Panel Suede Leather Ball (70mm, 135 grams)",Bbags:SUE12,suede gold (5 IN STOCK)
3876,Colored Acrylic Ball 100mm,Cball:COL0100,Silver Glitter Clear UV (1 IN STOCK)
3880,Play Prima One-Piece Club,Clubs:PPC,glow in the dark ( out of stock) ($1.00)
3888,Zao Line 50m and 100m lengths,Slackline,Zao Line 100 meters (OUT OF STOCK) ($149.00)
3890,Colored Acrylic Ball 100mm,Cball:COL0100,Opaque Black (OUT OF STOCK)
3894,Top Hat,Hats:TOP,black ( out of stock)
3899,Colored Acrylic Ball 100mm,Cball:COL0100,Opaque White (OUT OF STOCK)
3907,Colored Acrylic Ball 100mm,Cball:COL0100,Opaque Glow in the Dark (OUT OF STOCK)
3921,"12 Panel Suede Leather Ball (70mm, 135 grams)",Bbags:SUE12,suede teal (3 IN STOCK)
3923,Colored Acrylic Ball 100mm,Cball:COL0100,Translucent Dark Purple (out of stock)
3930,Colored Acrylic Ball 100mm,Cball:COL0100,Translucent Aqua (1 IN STOCK)
3931,Play Prima One-Piece Club,Clubs:PPC,red (OUT OF STOCK)
3935,Colored Acrylic Ball 70mm,Cball:COL070,Translucent Red ( 1 in stock)
3936,Colored Acrylic Ball 100mm,Cball:COL0100,Translucent Yellow (2 IN STOCK)
3945,Colored Acrylic Ball 100mm,Cball:COL0100,Translucent Dark Red (OUT OF STOCK)
3962,"Hernys Yo-Yo Tiger Snake, Lizard, Cobra",HSLC,Cobra Black Rim Yellow Center ( out of stock) ($20.00)
3988,Radfactor Spinning Ball 9.0 inch,BounceBall:RFSB,white with orange swirls (1 IN STOCK)
3989,Sundia Evo G2 Fixed Axle Diabolo,InvDiab:SEPF,red (OUT OF STOCK)
3996,Radfactor Spinning Ball 9.0 inch,BounceBall:RFSB,white with green swirls (OUT OF STOCK)
3997,Sundia Evo G2 Fixed Axle Diabolo,InvDiab:SEPF,yellow (1 IN STOCK)
4006,Radfactor Spinning Ball 9.0 inch,BounceBall:RFSB,white with blue swirls (OUT OF STOCK)
4017,Radfactor Spinning Ball 9.0 inch,BounceBall:RFSB,white with red swirls (1 IN STOCK)
4019,Colored Acrylic Ball 65mm,Cball:COL065,Translucent Emerald Green ( out of stock)
4023,"12 Panel Smooth Leather Ball (70mm, 135 grams)",Bbags:SUE12S,white (2 IN STOCK)
4045,Poi Loop grip with swivel,PSLG,white (OUT OF STOCK)
4046,Sundia Evo G3 Transparent Fixed Axle Diabolo ,InvDiab:SEP,orange (OUT OF STOCK)
4054,"Large Clear Acrylic Juggling Balls 90mm, 95mm, 100mm, 120mm",Cball:ALARGE,"95mm ( 3.74"") (OUT OF STOCK) ($34.00)"
4057,Poi Loop grip with swivel,PSLG,black (OUT OF STOCK)
4060,Pork Pie Hat,Hats:POR,61cm (7-5/8 US) Solid Black (1 IN STOCK)
4074,"Large Clear Acrylic Juggling Balls 90mm, 95mm, 100mm, 120mm",Cball:ALARGE,120mm (3 in stock) ($75.00)
4076,Colored Acrylic Ball 65mm,Cball:COL065,Glow-in-the-Dark (OUT OF STOCK) ($5.00)
4080,Pork Pie Hat,Hats:POR,57cm (7-1/8 US) Solid Black (OUT OF STOCK)
4087,Sundia Evo G3 Transparent Fixed Axle Diabolo ,InvDiab:SEP,purple (OUT OF STOCK)
4097,Sundia Evo G3 Transparent Fixed Axle Diabolo ,InvDiab:SEP,black (OUT OF STOCK)
4100,Poi Loop grip with swivel,PSLG,blue (1 IN STOCK)
4131,Sundia Evo G3 Transparent Fixed Axle Diabolo ,InvDiab:SEP,sundia plastic blue (OUT OF STOCK) ($12.00)
4150,Kendama Ozora Premium Street,KOZstreet,black ( out of stock) ($38.00)
4156,"Chrome Ball 63mm, 73mm and 88mm",Cball:CHR065,88mm ( out of stock) ($30.00)
4186,Double Felt Top Hat,Hats:ABTOP,57 cm fuchsia (1 IN STOCK)
4241,Fire Fan Flower DIY Kit ( out of stock),FireInv:firefanflowerdiyf,Fire Fan Flower DIY Kit ( out of stock)
4249,Silicone contact poi knob (6mm hole),PSK,yellow (2 PAIR IN STOCK)
4265,Silicone contact poi knob (6mm hole),PSK,glow in the dark (out of STOCK)
4281,Renegade Logo T-shirt ,Logshirt,large (OUT OF STOCK)
4288,Renegade Logo T-shirt ,Logshirt,extra large(OUT OF STOCK)
4312,Fire Fan Flower Set ( out of stock),FireInv:firefanflower,Fire Fan Flower Set ( out of stock)
4328,Silicone poi ball knobs with swivel,PSKS,black (OUT OF STOCK)
4347,"Black Checks PU Beanbag (70mm, 125 grams) ",Bbags:BLcheck70,black with green checks ( 1 in stock)
4349,Neils Poll Hat Two-Tone Colors,Hats:PollTT,Grey/red 59cm (1 IN STOCK)
4354,"Black Checks PU Beanbag (70mm, 125 grams) ",Bbags:BLcheck70,black with purple checks (OUT OF STOCK)
4356,Neils Poll Hat Two-Tone Colors,Hats:PollTT,Grey/red 61cm (OUT OF STOCK)
4359,Fire Fan Star DIY Kit (out of stock),FireInv:firefanflowerdiystar,Fire Fan Star DIY Kit (out of stock)
4391,Traction Spinning Plate Small (Windbreaker),TSP,white opaque/red rim (1 IN STOCK)
4419,Play Rola Bola,RolaBola1,rolling tube with o-rings ( out of stock) ($35.00)
4426,Fire Fan Star Set (out of stock),FireInv:firefanstar,Fire Fan Star Set (out of stock)
4428,Lycopodium Powder,GLP,SMALL LYCO PUMP (OUT OF STOCK) ($18.00)
4431,"Black Checks PU Beanbag (65mm, 115 grams) ",Bbags:BLcheck65,black with green checks( 4 in stock)
4436,Lycopodium Powder,GLP,LARGE LYCO PUMP (OUT OF STOCK) ($18.00)
4438,"Black Checks PU Beanbag (65mm, 115 grams) ",Bbags:BLcheck65,black with purple checks (OUT OF STOCK)
4440,Traction Spinning Plate Large (Windbraker),TSP,aqua opaque/white rim (OUT OF STOCK)
4444,Traction Spinning Plate Large (Windbraker),TSP,white translucent/white rim (4 IN STOCK)
4456,Play Hand Balance Board,PHBB,multi-setting board (OUT OF STOCK) ($469.00)
4461,Sundia Diabolo String ,InvDiab:Sundiastring,white (100 feet) (OUT OF STOCK) ($12.00)
4468,Kendama Ozora,KOZ,red (OUT OF STOCK)
4482,Sundia Diabolo String ,InvDiab:Sundiastring,orange (180 feet) ( out of stock) ($21.00)
4492,"Luna Stix, Jester, Master, Wizard, Glow and Equinox",Flo:LUNA,Glow ( out of stock) ($50.00)
4503,Sundia Diabolo String ,InvDiab:Sundiastring,yellow (180 feet) (OUT OF STOCK) ($21.00)
4512,Sundia Diabolo Hand-Sticks ,InvDiab:HANDS,Sundia Plastic white/red ( out of stock) ($12.00)
4513,Sundia Diabolo String ,InvDiab:Sundiastring,green (180 feet) (OUT OF STOCK) ($21.00)
4518,"Puro Kevlar (100%) Flat Wick 25mm, 50mm, 70mm, 100mm",WICK:WICFP,25mm x 2.3mm (1 in. x 1/8 in. apox (out of stock ) ($1.25)
4521,Sundia Diabolo Hand-Sticks ,InvDiab:HANDS,Sundia Plastic white/green ( out of stock) ($12.00)
4523,Fire Fan Gora Flower Small (out of stock),FireInv:firefanflowergora,Fire Fan Gora Flower Small (out of stock)
4559,12 Panel Synthetic Leather Ball (67mm 110 grams) ,Bbags:PVS67,red (110 grams) ( out of stock)
4571,"Kevlar Fire Yarn 3/8, 5/8 Inch",WICK:WIC38Y,5/8 inch (OUT OF STOCK) ($1.50)
4572,12 Panel Synthetic Leather Ball (67mm 110 grams) ,Bbags:PVS67,pink (110 grams) ( 1 pink in stock)
4575,Henrys Plastic Spinning Plate,HSP,Yellow (3 IN STOCK)
4576,"Kevlar Flat Wick (1/16 thick) 1/2"", 3/4"", 1.0"", 1.5"", 2.0"" 2.5"", 3.0"" &amp; 4.0""",WICK:WIC1T,"1/2"" X 1/16"" ( out of stock) ($0.30)"
4583,12 Panel Synthetic Leather Ball (67mm 110 grams) ,Bbags:PVS67,forest green (110 grams) ( out of stock)
4585,Sundia Diabolo Hand-Sticks ,InvDiab:HANDS,Sundia Phospho Carbon black (grey) out of stock ($39.00)
4588,Gora Breakdown Contact Fire Staff,GCS,fatboy woven wick ends 59.25 inch long with flowers (OUT OF STOCK) ($199.00)
4593,12 Panel Synthetic Leather Ball (67mm 110 grams) ,Bbags:PVS67,white ( 110 gram) (2 white in stock)
4599,"Kevlar Flat Wick (1/16 thick) 1/2"", 3/4"", 1.0"", 1.5"", 2.0"" 2.5"", 3.0"" &amp; 4.0""",WICK:WIC1T,"1"" X 1/16"" (OUT OF STOCK) ($0.75)"
4600,Gora Breakdown Contact Fire Staff,GCS,standard wick ends 65.5 inch long with flowers (OUT OF STOCK) ($149.00)
4605,12 Panel Synthetic Leather Ball (67mm 110 grams) ,Bbags:PVS67,light blue (110 grams) (OUT OF STOCK)
4606,Gora Fire Hoop 5 or 6 Wicks ,Fdance:GFH,5 wick (light)( out of stock) ($109.00)
4612,Gora Breakdown Contact Fire Staff,GCS,fatboy woven wick ends 57 (OUT OF STOCK) ($199.00)
4614,"12 Panel Teaching Beanbag (70mm, 135 grams)",Bbags:PVB68,green /white ( price each) out of stock ($6.00)
4621,Henrys Plastic Spinning Plate,HSP,Purple (5 IN STOCK)
4625,"12 Panel Teaching Beanbag (70mm, 135 grams)",Bbags:PVB68,green/white (price 12 ball) out of stock ($64.00)
4630,"Kevlar Flat Wick (1/16 thick) 1/2"", 3/4"", 1.0"", 1.5"", 2.0"" 2.5"", 3.0"" &amp; 4.0""",WICK:WIC1T,"4"" X 1/16""( out of stock) ($2.25)"
4649,"Pearly Contact Poi, Technora/Kevlar Leash 100mm",CONPOI,Black (OUT OF STOCK)
4665,"Contact Poi 80mm, 90mm, 100mm",CONPOI,orange 80mm ( 2 pair in stock) ($35.00)
4668,"Contact Poi 80mm, 90mm, 100mm",CONPOI,orange 90mm ( 1 pair in stock) ($40.00)
4673,"Contact Poi 80mm, 90mm, 100mm",CONPOI,orange 100mm (1 pair in stock) ($45.00)
4674,Sundia Echo Diabolo Ratchet Axle (Single Bearing Included),InvDiab:ES,orange (OUT OF STOCK)
4677,"Contact Poi 80mm, 90mm, 100mm",CONPOI,yellow 80mm (1 IN STOCK) ($35.00)
4681,"Contact Poi 80mm, 90mm, 100mm",CONPOI,yellow 90mm (1 pair in stock) ($40.00)
4700,"Contact Poi 80mm, 90mm, 100mm",CONPOI,blue 80mm (1 pair in stock) ($35.00)
4701,Sundia Echo Diabolo Ratchet Axle (Single Bearing Included),InvDiab:ES,purple (OUT OF STOCK)
4708,"Contact Poi 80mm, 90mm, 100mm",CONPOI,blue 90mm (OUT OF STOCK) ($40.00)
4731,"Contact Poi 80mm, 90mm, 100mm",CONPOI,white 80mm (1 pair in stock) ($35.00)
4745,Play SIL-X IMPLOSION 78mm,Stgbal:SILXI78,hot pink (OUT OF STOCK)
4755,Sundia Echo Diabolo Ratchet Axle (Single Bearing Included),InvDiab:ES,sundia Plastic white/blue (OUT OF STOCK) ($12.00)
4770,"Printed PU Beanbag Six Panel (69mm, 135 grams)",Bbags:PUPM,red dot ( out of stock)
4775,Play SIL-X IMPLOSION 75mm ,Stgbal:SILXI75,hot pink(out of stock)
4778,"Contact Poi 80mm, 90mm, 100mm",CONPOI,pink 90mm (2 IN STOCK) ($40.00)
4780,Renegade Plastic Spinning Plate ,PSREN,Blue (out of stock)
4782,"Printed PU Beanbag Six Panel (69mm, 135 grams)",Bbags:PUPM,black dots ( out of stock)
4793,"Printed PU Beanbag Six Panel (69mm, 135 grams)",Bbags:PUPM,blue dots (OUT OF STOCK)
4808,Play SIL-X IMPLOSION 75mm ,Stgbal:SILXI75,blue (OUT OF STOCK)
4810,"Contact Poi 80mm, 90mm, 100mm",CONPOI,red 90mm (1 IN STOCK) ($40.00)
4812,Renegade Plastic Spinning Plate ,PSREN,Red ( out of stock)
4813,"Printed PU Beanbag Six Panel (69mm, 135 grams)",Bbags:PUPM,red checks (3 IN STOCK)
4816,Play SIL-X IMPLOSION 67mm,Stgbal:SILXI67,blue (1 IN STOCK)
4825,"Printed PU Beanbag Six Panel (65mm, 116 grams)",Bbags:PUPS,black checks (OUT OF STOCK)
4829,"Contact Poi 80mm, 90mm, 100mm",CONPOI,green 80mm (OUT OF STOCK) ($35.00)
4836,"Printed PU Beanbag Six Panel (69mm, 135 grams)",Bbags:PUPM,blue checks ( 2 in stock)
4840,"Contact Poi 80mm, 90mm, 100mm",CONPOI,green 100mm (OUT OF STOCK) ($45.00)
4856,"Printed PU Beanbag Six Panel (65mm, 116 grams)",Bbags:PUPS,black dots ( out of stock)
4859,"Printed PU Beanbag Six Panel (65mm, 116 grams)",Bbags:PUPS,blue dots ( out of stock)
4863,"Printed PU Beanbag Six Panel (65mm, 116 grams)",Bbags:PUPS,red dots ( out of stock)
4864,"Printed PU Beanbag Six Panel (65mm, 116 grams)",Bbags:PUPS,gold dots ( 3 in stock)
4873,Play SIL-X LIGHT 78mm,PSXL78,white gloss (1 IN STOCK)
4878,Play SIL-X 67mm,Stgbal:SILX67,green (1 IN STOCK)
4879,Play SIL-X LIGHT 78mm,PSXL78,white matte (OUT OF STOCK)
4880,Play SIL-X LIGHT 75mm,PSXL75,orange gloss (2 IN STOCK)
4882,Play SIL-X 67mm,Stgbal:SILX67,blue (2 IN STOCK)
4884,Play SIL-X LIGHT 75mm,PSXL75,green gloss (3 IN STOCK)
4892,Play SIL-X 67mm,Stgbal:SILX67,pink (5 IN STOCK)
4893,Play SIL-X LIGHT 78mm,PSXL78,green (2 IN STOCK)
4894,Play SIL-X LIGHT 75mm,PSXL75,blue gloss (5 IN STOCK)
4901,Play SIL-X LIGHT 75mm,PSXL75,red matte (6 IN STOCK)
4907,Play SIL-X LIGHT 75mm,PSXL75,orange matte (2 IN STOCK)
4912,Play SIL-X LIGHT 78mm,PSXL78,red (5 IN STOCK)
4913,Play SIL-X LIGHT 75mm,PSXL75,yellow gloss ( out of stock)
4921,Play SIL-X LIGHT 78mm,PSXL78,pink (4 IN STOCK)
4922,Play SIL-X LIGHT 75mm,PSXL75,green matte (6 IN STOCK)
4928,Renegade Glass Russian Ball 75mm,Stgbal:STG3RG,white matte (2 IN STOCK)
4929,Play SIL-X LIGHT 75mm,PSXL75, white matte ( out of stock)
4936,Renegade Glass Russian Ball 75mm,Stgbal:STG3RG, (3 IN STOCK) ( 4 IN STOCK)
4938,SRX Soft Russian 67mm,Stgbal:SRX3R,white (OUT OF STOCK)
4942,Renegade Glass Russian Ball 75mm,Stgbal:STG3RG,blue gloss (3 IN STOCK)
4946,Renegade Fathead Club,Clubs:FAT,white ( out of stock)
4950,Play SIL-X HYBRID 75mm,Stgbal:PSXH75,orange gloss ( 4 in stock)
4954,Renegade Glass Russian Ball 78 mm,Stgbal:STG3R,blue (1 IN STOCK)
4956,Renegade Fathead Club,Clubs:FAT,yellow (5 in stock)
4962,Renegade Glass Russian Ball 78 mm,Stgbal:STG3R,green (1 IN STOCK)
4964,Renegade Fathead Club,Clubs:FAT,blue (9 in stock)
4967,Play SIL-X HYBRID 75mm,Stgbal:PSXH75,green gloss ( 5 in stock)
4970,Renegade Fathead Club,Clubs:FAT,green (12 in stock)
4972,"Small Vinyl Beanbag Fluor (68mm, 127 grams)",Bbags:VINSFS,florescent orange (OUT OF STOCK)
4980,Renegade Fathead Club,Clubs:FAT,aqua ( out of stock)
4982,"Small Vinyl Beanbag Fluor (68mm, 127 grams)",Bbags:VINSFS,florescent yellow (OUT OF STOCK)
4993,Renegade Fathead Club,Clubs:FAT,pink (9 in stock)
4995,"Small Vinyl Beanbag Fluor (68mm, 127 grams)",Bbags:VINSFS,florescent green (OUT OF STOCK)
4999,Flying Hats,Hats:MEX,red/aqua ( 4 in stock)
5004,Renegade Fathead Club,Clubs:FAT,tangerine (2 in stock)
5006,"Small Vinyl Beanbag Fluor (68mm, 127 grams)",Bbags:VINSFS,florescent pink (OUT OF STOCK)
5007,PX4 Quantum ,Clubs:PX4QUA, PASTEL BLUE (OUT OF STOCK)
5009,Sundia Echo Diabolo Fixed Axle ,InvDiab:SUNDIAECHO,purple (OUT OF STOCK)
5010,Flying Hats,Hats:MEX,purple/white ( 11 in stock)
5014,Renegade Fathead Club,Clubs:FAT,orange (8 in stock)
5016,"Small Vinyl Beanbag Fluor (68mm, 127 grams)",Bbags:VINSFS,light blue (5 IN STOCK)
5019,Sundia Echo Diabolo Fixed Axle ,InvDiab:SUNDIAECHO,orange (OUT OF STOCK)
5020,Flying Hats,Hats:MEX,solid pink ( 1 in stock)
5029,Renegade Fathead Club,Clubs:FAT,red (5 in stock)
5031,"Small Vinyl Beanbag Fluor (68mm, 127 grams)",Bbags:VINSFS,red (OUT OF STOCK)
5035,Flying Hats,Hats:MEX,solid purple ( 5 in stock)
5039,Kevlar Flat Wick 100 Foot Rolls,WICK:WICW,1/2 x 1/16 ( out of stock) ($25.00)
5043,Renegade Fathead Club,Clubs:FAT,purple (4 in stock)
5048,Flying Hats,Hats:MEX,solid maroon ( 1 in stock)
5059,Flying Hats,Hats:MEX,black/pink ( 4 in stock)
5062,Kevlar Flat Wick 100 Foot Rolls,WICK:WICW,"1.0"" X 1/16"" (OUT OF STOCK) ($60.00)"
5072,Flying Hats,Hats:MEX,green/pink (6 in stock)
5075,Kevlar Flat Wick 100 Foot Rolls,WICK:WICW,"1.5"" x 1/16"" (OUT OF STOCK) ($80.00)"
5088,Flying Hats,Hats:MEX,green/red (6 in stock)
5091,Kevlar Flat Wick 100 Foot Rolls,WICK:WICW,"2.0"" X 1/16"" (OUT OF STOCK) ($112.00)"
5092,"Extra-Large Vinyl Beanbag (83mm, 230 grams)",Bbags:VINX,white/red (3 IN STOCK)
5097,Play Training Isolation hoop,ManRing:PIH,pink (1 IN STOCK)
5106,Sundia Shining Diabolo (triple bearing option),InvDiab:SHI,red (OUT OF STOCK)
5113,Play Training Isolation hoop,ManRing:PIH,green (1 IN STOCK)
5114,Sundia Evo G3 Diabolo (Five Bearing Included),InvDiab:SEV3,white (transparent) ( out of stock)
5126,Kevlar Flat Wick 100 Foot Rolls,WICK:WICW,"4.0"" X 1/16"" (OUT OF STOCK) ($180.00)"
5131,Play Training Isolation hoop,ManRing:PIH,red (2 IN STOCK)
5133,Half Holographic Rings 40cm,ManRflat:40Halfholo,40 cm pink/silver (1 IN STOCK)
5146,Kevlar Flat Wick 100 Foot Rolls,WICK:WICW,"1/2"" X 1/8"" (OUT OF STOCK) ($40.00)"
5147,"Extra-Large Vinyl Beanbag (83mm, 230 grams)",Bbags:VINX,white/blue (5 IN STOCK)
5148,"Radfactor EVA Russian ball 65mm, 75mm and 80mm",RFEVA,white 80mm (6 IN STOCK)
5151,Play Training Isolation hoop,ManRing:PIH,orange (1 IN STOCK)
5152,Sundia Evo G3 Diabolo (Five Bearing Included),InvDiab:SEV3,orange (OUT OF STOCK)
5163,Sundia Echo Diabolo Fixed Axle ,InvDiab:SUNDIAECHO,Sundia Plastic white/blue (OUT OF STOCK) ($12.00)
5167,"Extra-Large Vinyl Beanbag (83mm, 230 grams)",Bbags:VINX,white/black (3 IN STOCK)
5171,Play Training Isolation hoop,ManRing:PIH,white (OUT OF STOCK)
5185,Sundia Shining Diabolo (triple bearing option),InvDiab:SHI,blue (OUT OF STOCK)
5186,Kevlar Flat Wick 100 Foot Rolls,WICK:WICW,"1.0"" X 1/8"" (OUT OF STOCK) ($100.00)"
5191,Play Training Isolation hoop,ManRing:PIH,aqua (OUT OF STOCK)
5193,"Large Vinyl Beanbag (72mm, 155 grams)",Bbags:VINL,white/green (out of stock)
5210,"Large Vinyl Beanbag (72mm, 155 grams)",Bbags:VINL,white/blue (1 IN STOCK)
5220,Kevlar Flat Wick 100 Foot Rolls,WICK:WICW,"2.0"" X 1/8"" ( out of stock) ($195.00)"
5221,"Extra-Large Vinyl Beanbag (83mm, 230 grams)",Bbags:VINX,white/orange (OUT OF STOCK)
5222,"Radfactor EVA Russian ball 65mm, 75mm and 80mm",RFEVA,red 65mm (out of stock)
5225,Sundia Evo G3 Diabolo (Five Bearing Included),InvDiab:SEV3,purple(OUT OF STOCK)
5237,"Extra-Large Vinyl Beanbag (83mm, 230 grams)",Bbags:VINX,white (OUT OF STOCK)
5238,"Radfactor EVA Russian ball 65mm, 75mm and 80mm",RFEVA,green 70mm (2 IN STOCK)
5243,Sundia Falcon Diabolo (triple bearing option),InvDiab:FAL,purple (OUT OF STOCK)
5252,Kevlar Flat Wick 100 Foot Rolls,WICK:WICW,"3.0 X 1/8"" (OUT OF STOCK) ($250.00)"
5253,"Extra-Large Vinyl Beanbag (83mm, 230 grams)",Bbags:VINX,white/purple (OUT OF STOCK)
5257,Sundia Evo G3 Diabolo (Five Bearing Included),InvDiab:SEV3,black ( out of stock)
5258,"Large Vinyl Beanbag (72mm, 155 grams)",Bbags:VINL,white (5 IN STOCK)
5268,Kevlar Flat Wick 100 Foot Rolls,WICK:WICW,"4.0 X 1/8"" ( out of stock) ($330.00)"
5269,"Extra-Large Vinyl Beanbag (83mm, 230 grams)",Bbags:VINX,white/silver (OUT OF STOCK)
5275,Sundia Falcon Diabolo (triple bearing option),InvDiab:FAL,green (OUT OF STOCK)
5283,Sundia Shining Diabolo (triple bearing option),InvDiab:SHI, (out of stock)LED blue/white - no USB charger cables ($45.00)
5289,Sundia Falcon Diabolo (triple bearing option),InvDiab:FAL,orange(OUT OF STOCK)
5296,Sundia Shining Diabolo (triple bearing option),InvDiab:SHI, (out of stock)LED blue/white - WITH USB CABLES ($60.00)
5297,Henrys Delphin Long,Clubs:Hdelp, green tube handle (OUT OF STOCK)
5310,Henrys Delphin Long,Clubs:Hdelp, yellow tube handle (OUT OF STOCK)
5327,Henrys Delphin Long,Clubs:Hdelp,red tube handle (8 IN STOCK)
5330,Radfactor Premium Russian ball 80 mm ,RFB80mm,white ( 6 in stock)
5341,Sundia Shining Diabolo (triple bearing option),InvDiab:SHI,sundia plastic white/red ( out of stock) ($12.00)
5363,Sundia Shining Diabolo (triple bearing option),InvDiab:SHI,sundia plastic white/green( out of stock) ($12.00)
5370,"Large Vinyl Beanbag (72mm, 155 grams)",Bbags:VINL,purple (OUT OF STOCK)
5373,"Hollow LED Ring 1/2"" x 14""",ManRing:GLOW,7 color rechargeable ( out of stock) ($11.00)
5374,"Kevlar Flat Wick (1/8"" thick) 1/2"", 3/4"", 1.0"", 1.5"", 2.0"" 2.5"", 3.0"" &amp; 4.0""",WICK:WIC,1/2 in. X 1/8 in. (OUT OF STOCK) ($0.50)
5389,"Large Vinyl Beanbag (72mm, 155 grams)",Bbags:VINL,white/purple (OUT OF STOCK)
5390,Sundia Falcon Diabolo (triple bearing option),InvDiab:FAL, (out of stock) LED blue/white - no USB charger cables ($45.00)
5391,Babache Flat Ring 40cm,ManRflat:40cm,white (out of stock)
5407,"Large Vinyl Beanbag (72mm, 155 grams)",Bbags:VINL,orange (OUT OF STOCK)
5408,Sundia Falcon Diabolo (triple bearing option),InvDiab:FAL, (out of stock)LED blue/white - WITH USB CABLES ($60.00)
5409,Babache Flat Ring 40cm,ManRflat:40cm,black (out of stock)
5411,"Kevlar Flat Wick (1/8"" thick) 1/2"", 3/4"", 1.0"", 1.5"", 2.0"" 2.5"", 3.0"" &amp; 4.0""",WICK:WIC,1 in. X 1/8 in. (OUT OF STOCK) ($1.15)
5412,Play Pastel Flat Ring 24cm,ManRflat:24pastel,pastel orange (4 IN STOCK)
5413,Radfactor Eukrainian Russian ball 80 mm ,RFB80mm,white ( out of stock)
5428,"Large Vinyl Beanbag (72mm, 155 grams)",Bbags:VINL,white/orange (OUT OF STOCK)
5449,"Kevlar Flat Wick (1/8"" thick) 1/2"", 3/4"", 1.0"", 1.5"", 2.0"" 2.5"", 3.0"" &amp; 4.0""",WICK:WIC,2 in. X 1/8 in. (out of stock) ($2.25)
5462,"Eight Ring, Regular, Skinny, Baby, Eight-ball, and Iso-8",ManRflat:RIN8T,eight-ball eight ring (pair) (out of stock) ($69.00)
5465,"Hollow LED Ring 1/2"" x 14""",ManRing:GLOW,7 Color-change battery ( 2 IN STOCK)
5477,Cone Hat Solid Colors,Hats:PollCONE,Solid Red 61cm (OUT OF STOCK)
5478,"Eight Ring, Regular, Skinny, Baby, Eight-ball, and Iso-8",ManRflat:RIN8T,Iso eight ring (single) (1 IN STOCK) ($34.50)
5481,"Hollow LED Ring 1/2"" x 14""",ManRing:GLOW,Red battery (OUT OF STOCK)
5484,Radfactor Eukrainian Russian ball 80 mm ,RFB80mm,orange (out of stock)
5491,"Eight Ring, Regular, Skinny, Baby, Eight-ball, and Iso-8",ManRflat:RIN8T,iso eight ring pair ( only one ring in stock) ($69.00)
5492,Sundia Falcon Diabolo (triple bearing option),InvDiab:FAL,sundia plastic white/blue (OUT OF STOCK) ($12.00)
5494,"Hollow LED Ring 1/2"" x 14""",ManRing:GLOW,Orange battery (3 IN STOCK)
5495,"Kevlar Flat Wick (1/8"" thick) 1/2"", 3/4"", 1.0"", 1.5"", 2.0"" 2.5"", 3.0"" &amp; 4.0""",WICK:WIC,4.0 x 1/8 in. (OUT OF STOCK) ($4.25)
5507,"Hollow LED Ring 1/2"" x 14""",ManRing:GLOW,Yellow battery(2 IN STOCK)
5508,Radfactor Eukrainian Russian ball 80 mm ,RFB80mm,purple ( 6 in stock)
5517,"Hollow LED Ring 1/2"" x 14""",ManRing:GLOW,Green battery(OUT OF STOCK)
5525,"Hollow LED Ring 1/2"" x 14""",ManRing:GLOW,Blue battery(2 IN STOCK)
5533,"Hollow LED Ring 1/2"" x 14""",ManRing:GLOW,White battery (OUT OF STOCK)
5591,Radfactor Chromite Russian ball 80 mm ,RFB80mm,red (9 IN STOCK)
5599,"Renegade Large Solo 1/2"" x 15""",ManRing:SOL15,yellow (7 IN STOCK)
5604,"Small Vinyl Beanbag (68mm, 130 grams)",Bbags:VINS,green (OUT OF STOCK)
5609,Radfactor Chromite Russian ball 80 mm ,RFB80mm,green (6 IN STOCK)
5610,"Small Vinyl Beanbag (68mm, 130 grams)",Bbags:VINS,blue (3 IN STOCK)
5611,"Renegade Large Solo 1/2"" x 15""",ManRing:SOL15,green (1 IN STOCK)
5620,"Small Vinyl Beanbag (68mm, 130 grams)",Bbags:VINS,white (2 IN STOCK)
5621,"Renegade Large Solo 1/2"" x 15""",ManRing:SOL15,pink (2 IN STOCK)
5626,LED Juggling Ball K-8 MKM,GLOW:K8M,70mm fade(OUT OF STOCK)
5634,Radfactor Chromite Russian ball 80 mm ,RFB80mm,black (6 IN STOCK)
5635,LED Juggling Ball K-8 MKM,GLOW:K8M,70 mm blue(OUT OF STOCK)
5645,LED Juggling Ball K-8 MKM,GLOW:K8M,70 mm green(OUT OF STOCK)
5648,Acrylic Isolation Baton,Cball:AIB,Translucent Blue (1 IN STOCK)
5652,"Small Vinyl Beanbag (68mm, 130 grams)",Bbags:VINS,white/red (8 IN STOCK)
5653,"Renegade Large Solo 1/2"" x 15""",ManRing:SOL15,white (7 IN STOCK)
5657,LED Juggling Ball K-8 MKM,GLOW:K8M,70 mm red (OUT OF STOCK)
5674,"Renegade Solo Rings 1/2"" x 14""",ManRing:RIN14S,green (4 IN STOCK)
5675,Babache Flat Ring 32cm,ManRflat::RIN32,red (OUT OF STOCK)
5687,"Extra Small Vinyl Beanbag (56mm, 75 grams)",Bbags:VINXS,white/yellow (1 IN STOCK)
5691,Babache Flat Ring 32cm,ManRflat::RIN32,orange (OUT OF STOCK)
5692,Rechargeable LED Contact Juggling Ball,GLOW:G100RC,100 mm solid (with charging cable) (OUT OF STOCK) ($85.00)
5704,Acrylic Isolation Baton,Cball:AIB,opaque white ( out of stock)
5706,Babache Flat Ring 32cm,ManRflat::RIN32,yellow (OUT OF STOCK)
5718,LED Juggling Ball K-8 MKM,GLOW:K8M,63mm fade (out of stock)
5719,"Extra Small Vinyl Beanbag (56mm, 75 grams)",Bbags:VINXS, white/blue (1 IN STOCK)
5722,Babache Flat Ring 32cm,ManRflat::RIN32,green (OUT OF STOCK)
5738,Babache Flat Ring 32cm,ManRflat::RIN32,blue (6 IN STOCK)
5741,Glow Ball K-8 iBall RGB-IR ,GLOW:K8B,70mm (OUT OF STOCK)
5743,"Small Vinyl Beanbag (68mm, 130 grams)",Bbags:VINS,red/yellow/green/blue (6 IN STOCK)
5746,Radfactor Premium 75mm (limited edition colors),RFB75mmlimited,blood red (1 IN STOCK)
5747,"Renegade Passing Rings 1.0"" x 14""",ManRing:RIN14P,green (OUT OF STOCK)
5753,Babache Flat Ring 32cm,ManRflat::RIN32,purple ( 4 in stock)
5756,Glow Ball K-8 iBall RGB-IR ,GLOW:K8B,75mm (3 in stock)
5758,"Small Vinyl Beanbag (68mm, 130 grams)",Bbags:VINS,orange (OUT OF STOCK)
5765,Radfactor Colored Sand Russian ball 72mm and 65mm,RFB75mm,blue (72mm) (OUT OF STOCK)
5772,"Small Vinyl Beanbag (68mm, 130 grams)",Bbags:VINS,white/orange (OUT OF STOCK)
5779,Radfactor Colored Sand Russian ball 72mm and 65mm,RFB75mm,pink (72mm) (OUT OF STOCK)
5781,Babache Flat Ring 32cm,ManRflat::RIN32,white (OUT OF STOCK)
5785,"Small Vinyl Beanbag (68mm, 130 grams)",Bbags:VINS,white/purple (OUT OF STOCK)
5788,Radfactor Premium 75mm (limited edition colors),RFB75mmlimited,magenta purple (OUT OF STOCK)
5804,Battery LED Contact Juggling Balls,GLOW:G100C,76mm solid ( 2 in stock) ($32.00)
5812,"Renegade Passing Rings 1.0"" x 14""",ManRing:RIN14P,white (OUT OF STOCK)
5842,"Play MMX3 Filled Stage Ball (75mm, 180 grams)",Bbags:MMX75,white matte (OUT OF STOCK)
5850,"Silicone Ball 61mm, 64mm &amp; 70mm",BounceBall:SIL-BALL,64 mm WHITE (1 IN STOCK) ($38.00)
5857,"Silicone Ball 61mm, 64mm &amp; 70mm",BounceBall:SIL-BALL,64 mm BLUE ( 10 IN STOCK)) ($38.00)
5866,"Silicone Ball 61mm, 64mm &amp; 70mm",BounceBall:SIL-BALL,64 mm GREEN (6 IN STOCK) ($38.00)
5867,Radfactor Premium Russian ball 75mm,RFB75mm,blue (2 IN STOCK)
5869,Radfactor Chromite Russian ball 75mm,RFBC75mm,blue (OUT OF STOCK)
5874,"Silicone Ball 61mm, 64mm &amp; 70mm",BounceBall:SIL-BALL,64 mm YELLOW ( 2 in stock) ($38.00)
5875,Radfactor Premium Russian ball 75mm,RFB75mm,purple (1 IN STOCK)
5882,"Silicone Ball 61mm, 64mm &amp; 70mm",BounceBall:SIL-BALL,64 mm ORANGE (10 IN STOCK) ($38.00)
5893,"Silicone Ball 61mm, 64mm &amp; 70mm",BounceBall:SIL-BALL,64 mm PINK (10 IN STOCK) ($38.00)
5901,Rechargeable LED Juggling Ball 70mm &amp; 100mm (9 pattern),GLOW:G70R, 70mm (filled ball each ) (1 IN STOCK) ($23.00)
5902,"Silicone Ball 61mm, 64mm &amp; 70mm",BounceBall:SIL-BALL, 64mm WHITE UV AQUA (3 IN STOCK) ($41.00)
5906,Radfactor Chromite Russian ball 75mm,RFBC75mm,green (5 IN STOCK)
5908,"Play MMX2 Filled Stage Ball (70mm, 150 grams)",Bbags:MMX70,green (3 IN STOCK)
5911,"Play G-Force Bounce Ball (64mm, 151 grams)",BounceBall:GF64,white (2 IN STOCK)
5912,Rechargeable LED Juggling Ball 70mm &amp; 100mm (9 pattern),GLOW:G70R,100mm (hollow ball each) (2 IN STOCK) ($29.00)
5913,"Silicone Ball 61mm, 64mm &amp; 70mm",BounceBall:SIL-BALL,70 mm WHITE (14 in stock) ($44.00)
5918,Radfactor Chromite Russian ball 75mm,RFBC75mm,orange (5 IN STOCK)
5925,"Silicone Ball 61mm, 64mm &amp; 70mm",BounceBall:SIL-BALL,70 mm BLUE (5 IN STOCK) ($44.00)
5935,"Play G-Force Bounce Ball (70mm, 190 grams)",BounceBall:GF70, white (5 IN STOCK)
5940,"Silicone Ball 61mm, 64mm &amp; 70mm",BounceBall:SIL-BALL,70 mm GREEN (10 in stock) ($44.00)
5945,"Play G-Force Bounce Ball (54mm, 100 grams)",BounceBall:GF54,white only (OUT OF STOCK)
5947,Radfactor Chromite Russian ball 75mm,RFBC75mm,black (1 IN STOCK)
5952,"Silicone Ball 61mm, 64mm &amp; 70mm",BounceBall:SIL-BALL,70 mm YELLOW (7 IN STOCK) ($44.00)
5954,Radfactor Premium Russian ball 72mm ,RFB72mm,Orange (OUT OF STOCK)
5964,"Silicone Ball 61mm, 64mm &amp; 70mm",BounceBall:SIL-BALL,70 mm ORANGE (2 IN STOCK) ($44.00)
5975,"Silicone Ball 61mm, 64mm &amp; 70mm",BounceBall:SIL-BALL,70 mm PINK (10 IN STOCK) ($44.00)
5985,Radfactor Premium Russian ball 70mm,RFB70mm,white (5 IN STOCK)
5986,Radfactor Chromite Russian ball 70mm ,RFBC70mm,red (2 IN STOCK)
5987,"Silicone Ball 61mm, 64mm &amp; 70mm",BounceBall:SIL-BALL,61 mm blue (OUT OFSTOCK) ($34.00)
5988,"Play MMX1 Filled Stage Ball (62mm, 105 grams)",Bbags:MMX1,blue ( out of stock)
5996,Radfactor Premium Russian ball 70mm,RFB70mm,black (OUT OF STOCK)
5997,Radfactor Chromite Russian ball 70mm ,RFBC70mm,orange (OUT OF STOCK)
5998,"Silicone Ball 61mm, 64mm &amp; 70mm",BounceBall:SIL-BALL,61 mm green (OUT OF STOCK) ($34.00)
6007,Radfactor Premium Russian ball 70mm,RFB70mm,red (5 IN STOCK)
6009,"Silicone Ball 61mm, 64mm &amp; 70mm",BounceBall:SIL-BALL,61 mm yellow (2 IN STOCK) ($34.00)
6017,Radfactor Premium Russian ball 70mm,RFB70mm,orange (OUT OF STOCK)
6019,"Silicone Ball 61mm, 64mm &amp; 70mm",BounceBall:SIL-BALL,61 mm orange (10 IN STOCK) ($34.00)
6027,Radfactor Chromite Russian ball 70mm ,RFBC70mm,aqua (OUT OF STOCK)
6028,"Silicone Ball 61mm, 64mm &amp; 70mm",BounceBall:SIL-BALL,61 mm pink ( OUT OF STOCK) ($34.00)
6029,Radfactor Premium Russian ball 72mm ,RFB72mm,metallic green (OUT OF STOCK)
6035,Radfactor Premium Russian ball 70mm,RFB70mm,green (4 IN STOCK)
6037,"Silicone Ball 61mm, 64mm &amp; 70mm",BounceBall:SIL-BALL,61 mm white (2 IN STOCK) ($34.00)
6038,Radfactor Premium Russian ball 72mm ,RFB72mm,translucent blue (OUT OF STOCK)
6045,Radfactor Chromite Russian ball 70mm ,RFBC70mm,purple (5 IN STOCK)
6046,Radfactor Premium Russian ball 72mm ,RFB72mm,burnt red (OUT OF STOCK)
6047,Radfactor Chromite Russian ball 72mm ,RFB72mm,black( out of stock)
6052,Radfactor Premium Russian ball 70mm,RFB70mm,blue (OUT OF STOCK)
6053,Radfactor Chromite Russian ball 70mm ,RFBC70mm,pink (OUT OF STOCK)
6057,Radfactor Premium Russian ball 70mm,RFB70mm,purple (2 IN STOCK)
6060,Radfactor Chromite Russian ball 65mm,RFBc65mm,orange (2 IN STOCK)
6062,Radfactor Chromite Russian ball 70mm ,RFBC70mm,white (OUT OF STOCK)
6063,Radfactor Premium Russian ball 65mm,RFB65mm,pink (2 IN STOCK)
