,Title,SKU,Item,Stock Quantity,Categories
1, Lotus and Tulip Fans ,FireInv:KFANB,This product is out of stock,0,Lotus Fire Fan | Fire Dancing | Belly Dance
2, QU-AX UNICYCLE PEDAL CROSS ALUMINUM,QUAXPCA,This product is out of stock,0,QU_QX Plastic Transparent Pedals
3, QU_QX PLASTIC UNICYCLE PEDAL LUCENT,QUAXPL,This product is out of stock,0,QU_QX Plastic Transparent Pedals
4,100 Pixel Staff,GLOW:LT100,This product is out of stock,0,Pixel poi | led poi | pio swinging
5,"12 Panel Smooth Leather Ball (70mm, 135 grams)",Bbags:SUE12S,white (1 IN STOCK),1,Leather Juggling Balls | 12 panel beanbags | 12 panel leather juggling ball
6,"12 Panel Suede Leather Ball (70mm, 135 grams)",Bbags:SUE12,suede gold (5 IN STOCK),5,Leather Juggling Ball | leather beanbag | renegade juggling
7,"12 Panel Suede Leather Ball (70mm, 135 grams)",Bbags:SUE12,suede teal (3 IN STOCK),3,Leather Juggling Ball | leather beanbag | renegade juggling
8,"12 Panel Synthetic Leather Ball (62mm, 80 grams)",Bbags:PVS6280,black (OUT OF STOCK),0,synthetic leather ball | teaching Juggling Ball | numbers juggling balls
9,"12 Panel Synthetic Leather Ball (65mm, 100 grams) ",Bbags:PVS62,dark blue (OUT OF STOCK),0,synthetic leather ball | teaching Juggling Ball | numbers juggling balls
10,"12 Panel Synthetic Leather Ball (65mm, 100 grams) ",Bbags:PVS62,orange (1 IN STOCK),1,synthetic leather ball | teaching Juggling Ball | numbers juggling balls
11,12 Panel Synthetic Leather Ball (67mm 110 grams) ,Bbags:PVS67,light blue (110 grams) (OUT OF STOCK),0,synthetic leather ball | teaching Juggling Ball | numbers juggling balls 
12,12 Panel Synthetic Leather Ball (67mm 110 grams) ,Bbags:PVS67,red (110 grams) ( out of stock),0,synthetic leather ball | teaching Juggling Ball | numbers juggling balls 
13,12 Panel Synthetic Leather Ball (67mm 110 grams) ,Bbags:PVS67,pink (110 grams) ( 1 pink in stock),0,synthetic leather ball | teaching Juggling Ball | numbers juggling balls 
14,12 Panel Synthetic Leather Ball (67mm 110 grams) ,Bbags:PVS67,forest green (110 grams) ( out of stock),0,synthetic leather ball | teaching Juggling Ball | numbers juggling balls 
15,12 Panel Synthetic Leather Ball (67mm 110 grams) ,Bbags:PVS67,white ( 110 gram) (2 white in stock),0,synthetic leather ball | teaching Juggling Ball | numbers juggling balls 
16,"12 Panel Teaching Beanbag (70mm, 135 grams)",Bbags:PVB68,green/white (price 12 ball) out of stock ($64.00),0,Teaching Beanbag | teaching Juggling Ball | teaching juggling balls 
17,"12 Panel Teaching Beanbag (70mm, 135 grams)",Bbags:PVB68,green /white ( price each) out of stock ($6.00),0,Teaching Beanbag | teaching Juggling Ball | teaching juggling balls 
18,"14 Panel Suede Leather Ball (75mm, 137 grams)",Bbags:SUE14,yellow/red (OUT OF STOCK),0,"Leather Juggling Balls, suede fourteen panel beanbags"
19,"14 Panel Suede Leather Ball (75mm, 137 grams)",Bbags:SUE14,yellow/blue-80mm (1 IN STOCK),1,"Leather Juggling Balls, suede fourteen panel beanbags"
20,"14 Panel Suede Leather Ball (75mm, 137 grams)",Bbags:SUE14,tan/black-75mm (1 IN STOCK),1,"Leather Juggling Balls, suede fourteen panel beanbags"
21,"14 Panel Suede Leather Ball (75mm, 137 grams)",Bbags:SUE14,yellow/black (OUT OF STOCK),0,"Leather Juggling Balls, suede fourteen panel beanbags"
22,"4 Panel Suede Ball (67mm, 100 grams)",Bbags:SUE4,This product is out of stock,0,Leather Juggling Ball | leather beanbag | renegade juggling
23,"8 Panel Suede Ball (70mm, 110 grams)",Bbags:SUE8,This product is out of stock,0,Leather Juggling Ball |suede leather beanbag | renegade juggling
24,Acrylic Isolation Baton,Cball:AIB,Translucent Blue (1 IN STOCK),1,Isolation Baton | contact juggling | renegade Juggling
25,Acrylic Isolation Baton,Cball:AIB,opaque white ( out of stock),0,Isolation Baton | contact juggling | renegade Juggling
26,Advance Flair for the Competitive Bartender,DVD:MIX1,This product is out of stock,0,Flair | Bartender Flair | bar magic
27,Babache Flat Ring 32cm,ManRflat::RIN32,white (OUT OF STOCK),0,juggling ring | flat ring | numbers juggling
28,Babache Flat Ring 32cm,ManRflat::RIN32,purple (4 IN STOCK),4,juggling ring | flat ring | numbers juggling
29,Babache Flat Ring 32cm,ManRflat::RIN32,orange (OUT OF STOCK),0,juggling ring | flat ring | numbers juggling
30,Babache Flat Ring 32cm,ManRflat::RIN32,yellow (OUT OF STOCK),0,juggling ring | flat ring | numbers juggling
31,Babache Flat Ring 32cm,ManRflat::RIN32,green (OUT OF STOCK),0,juggling ring | flat ring | numbers juggling
32,Babache Flat Ring 32cm,ManRflat::RIN32,red (OUT OF STOCK),0,juggling ring | flat ring | numbers juggling
33,Babache Flat Ring 32cm,ManRflat::RIN32,blue (6 IN STOCK),6,juggling ring | flat ring | numbers juggling
34,Babache Flat Ring 40cm,ManRflat:40cm,black (out of stock),0,juggling ring | flat ring | large juggling ring
35,Babache Flat Ring 40cm,ManRflat:40cm,white (out of stock),0,juggling ring | flat ring | large juggling ring
36,Ball Bounce DVD with Paul Bachman,DVD:BALD,This product is out of stock,0,ball bouncing | silicone balls | learn to bounce juggle
37,Battery LED Contact Juggling Balls,GLOW:G100C,76mm solid ( 2 in stock) ($32.00),0,LED contact ball | contact juggling ball | LED juggling
38,"Beard DX Filled Stage Ball (69 mm, 140 grams)",Stgbal:DX238,This product is out of stock,0,juggling ball | stage ball | renegade Juggling
39,"Black Checks PU Beanbag (65mm, 115 grams) ",Bbags:BLcheck65,black with purple checks (OUT OF STOCK),0,PU Beanbag | beanbag ball | black checks
40,"Black Checks PU Beanbag (65mm, 115 grams) ",Bbags:BLcheck65,black with green checks( 4 in stock),0,PU Beanbag | beanbag ball | black checks
41,"Black Checks PU Beanbag (70mm, 125 grams) ",Bbags:BLcheck70,black with green checks ( 1 in stock),0,PU Beanbag | beanbag ball | black checks
42,"Black Checks PU Beanbag (70mm, 125 grams) ",Bbags:BLcheck70,black with purple checks (OUT OF STOCK),0,PU Beanbag | beanbag ball | black checks
43,"Black PU Beanbag Twelve Panel (65mm, 115 grams)",Bbags:PUM1265black,/Price Per Ball ( 3 in stock),0,PU Beanbag | beanbag ball | juggling ball
44,"Black and White Renegade 85mm, Wood Dowel",Clubs:BW85,This product is out of stock,0,Juggling clubs | black juggling club | jugging pin
45,"Black and White Renegade 95mm, Wood Dowel",Clubs:BW95,This product is out of stock,0,Juggling clubs | black and white juggling club
46,Blazing Star Fire Hand Hoop,Fdance:RFH:RFH2,This product is out of stock,0,isolation hoop | fire hoop | juggling isolation 
47,Book of Club Swinging by W. J. Schatz,Books:CLSW,This product is out of stock,0,Club Swinging | fire swinging | learn club swinging
48,Bull Whips five and six foot,WHIPS,Yellow/Black 5 foot (OUT OF STOCK) ($89.00),0,Whips
49,Bull Whips five and six foot,WHIPS,White/Black 5 foot (1 IN STOCK) ($79.00),1,Whips
50,Bull Whips five and six foot,WHIPS,Red/Black 5 foot (1 IN STOCK) ($79.00),1,Whips
51,Bull Whips five and six foot,WHIPS,Black 5 foot (1 IN STOCK) ($79.00),1,Whips
52,Bull Whips five foot and six foot shot loaded,WHIPSshotloaded,White/Black 5 foot ( out of stock) ($95.00),0,Whips
53,Bull Whips five foot and six foot shot loaded,WHIPSshotloaded,Black 6 foot ( out of stock) ($105.00),0,Whips
54,Chinese Water Bowl Meteor,MET:MC,This product is out of stock,0,Meteor | meteor balls | water meteor
55,"Chrome Ball 63mm, 73mm and 88mm",Cball:CHR065,88mm ( out of stock) ($30.00),0,Contact Juggling | contact ball | chrome ball
56,Cigar Box Juggling DVD with Brian Patz,DVD:CIGD,/Price Each ( out of stock),0,Cigar Box Juggling DVD with Brian Patz - Renegade Juggling
57,Circus Stilts,STILTS,red (OUT OF STOCK) ($139.00),0,Stilts | circus stilts | actoy stilts
58,Circus Stilts,STILTS,orange (OUT OF STOCK) ($129.00),0,Stilts | circus stilts | actoy stilts
59,Circus Stilts,STILTS,green (OUT OF STOCK) ($99.00),0,Stilts | circus stilts | actoy stilts
60,"Clear Acrylic Juggling Balls 44mm, 51mm, 60mm, 65mm, 70mm, 76mm, 82mm",Cball:ASMAL,"60mm (2.36"") (OUT OF STOCK) ($14.00)",0,Contact Juggling | contact ball | acrylic ball
61,Club Juggling and Passing DVD,DVD:HAG2D,This product is out of stock,0,Club Juggling | jugglng clubs dvd | Learn Club Juggling 
62,Color Swirl Stage Balls 100mm ,Stgbal:SWR100,green swirl (4 IN STOCK),4,poi ball | stage ball | contact juggling ball
63,Color Swirl Stage Balls 100mm ,Stgbal:SWR100,pink swirl (2 IN STOCK),2,poi ball | stage ball | contact juggling ball
64,Color Swirl Stage Balls 100mm ,Stgbal:SWR100,orange swirl (2 IN STOCK),2,poi ball | stage ball | contact juggling ball
65,Color Swirl Stage Balls 100mm ,Stgbal:SWR100,yellow swirl (2 IN STOCK),2,poi ball | stage ball | contact juggling ball
66,Colored Acrylic Ball 100mm,Cball:COL0100,Opaque Black (OUT OF STOCK),0,Contact Juggling | contact ball | acrylic ball
67,Colored Acrylic Ball 100mm,Cball:COL0100,Translucent Yellow (2 IN STOCK),2,Contact Juggling | contact ball | acrylic ball
68,Colored Acrylic Ball 100mm,Cball:COL0100,Opaque Glow in the Dark (OUT OF STOCK),0,Contact Juggling | contact ball | acrylic ball
69,Colored Acrylic Ball 100mm,Cball:COL0100,Translucent Dark Purple (out of stock),0,Contact Juggling | contact ball | acrylic ball
70,Colored Acrylic Ball 100mm,Cball:COL0100,Translucent Aqua (1 IN STOCK),1,Contact Juggling | contact ball | acrylic ball
71,Colored Acrylic Ball 100mm,Cball:COL0100,Silver Glitter Clear UV (1 IN STOCK),1,Contact Juggling | contact ball | acrylic ball
72,Colored Acrylic Ball 100mm,Cball:COL0100,Opaque White (OUT OF STOCK),0,Contact Juggling | contact ball | acrylic ball
73,Colored Acrylic Ball 100mm,Cball:COL0100,Translucent Dark Red (OUT OF STOCK),0,Contact Juggling | contact ball | acrylic ball
74,Colored Acrylic Ball 65mm,Cball:COL065,Glow-in-the-Dark (OUT OF STOCK) ($5.00),0,Contact Juggling | contact ball | acrylic ball
75,Colored Acrylic Ball 65mm,Cball:COL065,Translucent Emerald Green ( out of stock),0,Contact Juggling | contact ball | acrylic ball
76,Colored Acrylic Ball 70mm,Cball:COL070,Translucent Red ( 1 in stock),0,"Contact Juggling Balls, 70mm Colored Plastic, Acrylic Ball"
77,Colored Acrylic Ball 90mm,Cball:COL090,Translucent Purple ( 3 in stock),0,Contact Juggling | contact ball | acrylic ball
78,Colored Acrylic Ball 90mm,Cball:COL090,Translucent Dark Blue (1 IN STOCK),1,Contact Juggling | contact ball | acrylic ball
79,Colored Acrylic Ball 90mm,Cball:COL090,UV Clear/Blue Tint (OUT OF STOCK) ($5.00),0,Contact Juggling | contact ball | acrylic ball
80,Colored Acrylic Ball 90mm,Cball:COL090,Opaque White (1 IN STOCK),1,Contact Juggling | contact ball | acrylic ball
81,Colored Acrylic Ball 90mm,Cball:COL090,Opaque Black ( 2 in stock),0,Contact Juggling | contact ball | acrylic ball
82,Colored Acrylic Ball 90mm,Cball:COL090,Translucent Red (OUT OF STOCK),0,Contact Juggling | contact ball | acrylic ball
83,Colored Acrylic Ball 90mm,Cball:COL090,Translucent Orange ( 3 in stock) ,0,Contact Juggling | contact ball | acrylic ball
84,Colored Acrylic Ball 90mm,Cball:COL090,Translucent Chartreuse (OUT OF STOCK),0,Contact Juggling | contact ball | acrylic ball
85,Colored Acrylic Ball 90mm,Cball:COL090,Translucent Aqua ( out of stock),0,Contact Juggling | contact ball | acrylic ball
86,Colored Acrylic Inner Ball 75mm,Cball:COL075,yellow inner ball ( 4 in stock),0,Contact Juggling | contact ball | acrylic ball
87,Colored Acrylic Inner Ball 75mm,Cball:COL075,Glow-In-The-Dark inner ball ( out of stock),0,Contact Juggling | contact ball | acrylic ball
88,Colored Acrylic Inner Ball 75mm,Cball:COL075,silver inner ball (OUT OF STOCK),0,Contact Juggling | contact ball | acrylic ball
89,Colored Acrylic Inner Ball 75mm,Cball:COL075,green inner ball ( 3 in stock),0,Contact Juggling | contact ball | acrylic ball
90,Colored Acrylic Inner Ball 75mm,Cball:COL075,black inner ball (OUT OF STOCK),0,Contact Juggling | contact ball | acrylic ball
91,Compendium of Club Juggling,Books:COM,This product is out of stock,0,Compendium of Club Juggling | Club passing book | club juggling book
92,Cone Hat Solid Colors,Hats:PollCONE,Solid Red 61cm (OUT OF STOCK),0,Juggling hat | hat tricks | poll hat
93,"Contact Poi 80mm, 90mm, 100mm",CONPOI,white 80mm (1 pair in stock) ($35.00),0,Contact Poi | static poi | poi balls
94,"Contact Poi 80mm, 90mm, 100mm",CONPOI,orange 90mm ( 1 pair in stock) ($40.00),0,Contact Poi | static poi | poi balls
95,"Contact Poi 80mm, 90mm, 100mm",CONPOI,orange 80mm ( 2 pair in stock) ($35.00),0,Contact Poi | static poi | poi balls
96,"Contact Poi 80mm, 90mm, 100mm",CONPOI,green 80mm (OUT OF STOCK) ($35.00),0,Contact Poi | static poi | poi balls
97,"Contact Poi 80mm, 90mm, 100mm",CONPOI,red 90mm (1 IN STOCK) ($40.00),1,Contact Poi | static poi | poi balls
98,"Contact Poi 80mm, 90mm, 100mm",CONPOI,pink 90mm (2 IN STOCK) ($40.00),2,Contact Poi | static poi | poi balls
99,"Contact Poi 80mm, 90mm, 100mm",CONPOI,blue 90mm (OUT OF STOCK) ($40.00),0,Contact Poi | static poi | poi balls
100,"Contact Poi 80mm, 90mm, 100mm",CONPOI,blue 80mm (1 pair in stock) ($35.00),0,Contact Poi | static poi | poi balls
101,"Contact Poi 80mm, 90mm, 100mm",CONPOI,green 100mm (OUT OF STOCK) ($45.00),0,Contact Poi | static poi | poi balls
102,"Contact Poi 80mm, 90mm, 100mm",CONPOI,yellow 90mm (1 pair in stock) ($40.00),0,Contact Poi | static poi | poi balls
103,"Contact Poi 80mm, 90mm, 100mm",CONPOI,yellow 80mm (1 IN STOCK) ($35.00),1,Contact Poi | static poi | poi balls
104,"Contact Poi 80mm, 90mm, 100mm",CONPOI,orange 100mm (1 pair in stock) ($45.00),0,Contact Poi | static poi | poi balls
105,Contact Staff DVD,DVD:CSD,This product is out of stock,0,Contact Staff | staff dvd | learn contact staff
106,Dance Hoop,Hoops:BHOOP,This product is out of stock,0,Dance Hoops | hooping | hula hoop
107,Decorated Renegade 105mm,Clubs:105D,AQUA (2 IN STOCK),2,juggling club | renegade 105mm | juggling pin
108,Decorated Renegade 105mm,Clubs:105D,ORANGE (2 IN STOCK),2,juggling club | renegade 105mm | juggling pin
109,Decorated Renegade 105mm,Clubs:105D,UN-TAPED (out of stock),0,juggling club | renegade 105mm | juggling pin
110,Decorated Renegade 105mm,Clubs:105D,RED ( out of stock),0,juggling club | renegade 105mm | juggling pin
111,Decorated Renegade 105mm,Clubs:105D,PURPLE ( out of stock),0,juggling club | renegade 105mm | juggling pin
112,Decorated Renegade 105mm,Clubs:105D,GREEN ( out of stock),0,juggling club | renegade 105mm | juggling pin
113,Decorated Renegade 105mm,Clubs:105D,YELLOW (1 IN STOCK),1,juggling club | renegade 105mm | juggling pin
114,Decorated Renegade 105mm,Clubs:105D,BLUE ( out of stock),0,juggling club | renegade 105mm | juggling pin
115,Decorated Renegade 105mm,Clubs:105D,TANGERINE (3 IN STOCK),3,juggling club | renegade 105mm | juggling pin
116,Decorated Renegade 105mm,Clubs:105D,HOT PINK ( out of stock),0,juggling club | renegade 105mm | juggling pin
117,Decorated Renegade 75mm Juggling Club,Clubs:75D,UNTAPED ( out of stock),0,juggling club | renegade 75mm | juggling pin
118,Decorated Renegade 75mm Juggling Club,Clubs:75D,purple ( out of stock),0,juggling club | renegade 75mm | juggling pin
119,Decorated Renegade 75mm Juggling Club,Clubs:75D,red (7 in stock),7,juggling club | renegade 75mm | juggling pin
120,Decorated Renegade 75mm Juggling Club,Clubs:75D,orange (4 in stock),4,juggling club | renegade 75mm | juggling pin
121,Decorated Renegade 75mm Juggling Club,Clubs:75D,tangerine (4 in stock),4,juggling club | renegade 75mm | juggling pin
122,Decorated Renegade 75mm Juggling Club,Clubs:75D,green (4 in stock),4,juggling club | renegade 75mm | juggling pin
123,Decorated Renegade 75mm Juggling Club,Clubs:75D,blue (1 in stock),1,juggling club | renegade 75mm | juggling pin
124,Decorated Renegade 75mm Juggling Club,Clubs:75D,yellow (2 in stock),2,juggling club | renegade 75mm | juggling pin
125,Decorated Renegade 75mm Juggling Club,Clubs:75D,white (OUT OF STOCK),0,juggling club | renegade 75mm | juggling pin
126,Decorated Renegade 75mm Juggling Club,Clubs:75D,pink (4 in stock),4,juggling club | renegade 75mm | juggling pin
127,Decorated Renegade 75mm Juggling Club,Clubs:75D,aqua ( out of stock),0,juggling club | renegade 75mm | juggling pin
128,"Decorated Renegade 85mm, Wood Dowel",Clubs:85D,UN-TAPED ( out of stock),0,juggling club | renegade 85mm | juggling pin
129,"Decorated Renegade 85mm, Wood Dowel (colored rubber)",Clubs:85DC,UN-TAPED ( out of stock),0,juggling club | renegade 85mm | juggling pin
130,Deos Diabolo String,InvDiab:Pdoess,green (10 meters) (OUT OF STOCK) ($10.00),0,Diabolo String Rolls
131,Deos Diabolo String,InvDiab:Pdoess,orange (10 meter) (OUT OF STOCK) ($10.00),0,Diabolo String Rolls
132,Deos Diabolo String,InvDiab:Pdoess,blue (10 meters) (OUT OF STOCK) ($10.00),0,Diabolo String Rolls
133,Deos Diabolo String,InvDiab:Pdoess, yellow (10 meter) (OUT OF STOCK) ($10.00),0,Diabolo String Rolls
134,Deos Diabolo String,InvDiab:Pdoess,green (100 meters) (OUT OF STOCK) ($49.00),0,Diabolo String Rolls
135,Deos Diabolo String,InvDiab:Pdoess,orange (100 meter) ( out of stock) ($49.00),0,Diabolo String Rolls
136,Deos Diabolo String,InvDiab:Pdoess,white (100 meter) ( out of stock) ($49.00),0,Diabolo String Rolls
137,Deos Diabolo String,InvDiab:Pdoess,yellow (100 meter) ( out of stock) ($49.00),0,Diabolo String Rolls
138,Deos Diabolo String,InvDiab:Pdoess,white (10 meter) (OUT OF STOCK) ($10.00),0,Diabolo String Rolls
139,"Devil Stick Juggling, A Step by Step Pamphlet ",Books:DSSBS,This product is out of stock,0,Devil stick | learn devil stick | dave finnigan
140,Double Felt Top Hat,Hats:ABTOP,57 cm fuchsia (1 IN STOCK),1,Top Hat | Juggling hat | poll hat
141,Duro Tire RazorBack 24 inch x 3 inch,Uni:KTIReRB,This product is out of stock,0,Unicycle tire | duro razorback | mountain uni tire
142,"Eight Ring, Regular, Skinny, Baby, Eight-ball, and Iso-8",ManRflat:RIN8T,iso eight ring pair ( only one ring in stock) ($69.00),0,eight ring | isolation ring | 8 ring
143,"Eight Ring, Regular, Skinny, Baby, Eight-ball, and Iso-8",ManRflat:RIN8T,Iso eight ring (single) (1 IN STOCK) ($34.50),1,eight ring | isolation ring | 8 ring
144,"Eight Ring, Regular, Skinny, Baby, Eight-ball, and Iso-8",ManRflat:RIN8T,eight-ball eight ring (pair) (out of stock) ($69.00),0,eight ring | isolation ring | 8 ring
145,Encyclopedia of Ball Juggling,Books:ENS,/out of stock,0,ball juggling book | side swap | how to juggle balls book
146,"Extra Small Vinyl Beanbag (56mm, 75 grams)",Bbags:VINXS,white/yellow (1 IN STOCK),1,Extra Small Vinyl Beanbag | Vinyl Juggling Balls | Learn to juggle
147,"Extra Small Vinyl Beanbag (56mm, 75 grams)",Bbags:VINXS, white/blue (1 IN STOCK),1,Extra Small Vinyl Beanbag | Vinyl Juggling Balls | Learn to juggle
148,"Extra-Large Vinyl Beanbag (83mm, 230 grams)",Bbags:VINX,white/silver (OUT OF STOCK),0,Extra Large Vinyl Beanbag | juggling ball | renegade juggling
149,"Extra-Large Vinyl Beanbag (83mm, 230 grams)",Bbags:VINX,white/red (3 IN STOCK),3,Extra Large Vinyl Beanbag | juggling ball | renegade juggling
150,"Extra-Large Vinyl Beanbag (83mm, 230 grams)",Bbags:VINX,white/blue (5 IN STOCK),5,Extra Large Vinyl Beanbag | juggling ball | renegade juggling
151,"Extra-Large Vinyl Beanbag (83mm, 230 grams)",Bbags:VINX,white/black (3 IN STOCK),3,Extra Large Vinyl Beanbag | juggling ball | renegade juggling
152,"Extra-Large Vinyl Beanbag (83mm, 230 grams)",Bbags:VINX,white/orange (OUT OF STOCK),0,Extra Large Vinyl Beanbag | juggling ball | renegade juggling
153,"Extra-Large Vinyl Beanbag (83mm, 230 grams)",Bbags:VINX,white (OUT OF STOCK),0,Extra Large Vinyl Beanbag | juggling ball | renegade juggling
154,"Extra-Large Vinyl Beanbag (83mm, 230 grams)",Bbags:VINX,white/purple (OUT OF STOCK),0,Extra Large Vinyl Beanbag | juggling ball | renegade juggling
155,Fire Chain Poi,Fdance:CHA,silicone round yellow (OUT OF STOCK) ($10.00),0,Fire Chains | fire poi | poi swinging
156,Fire Eating by Benjamin Garth,Books:FIREA,This product is out of stock,0,Fire Eating Book | fire breathing book | fire spitting book
157,Fire Fan Evolution DVD,DVD:FEDVD,This product is out of stock,0,Fire Fans | fire fan DVD | learn fire fans
158,Fire Fan Flower DIY Kit ( out of stock),FireInv:firefanflowerdiyf,This product is out of stock,0,Fire Fan | Fire Dancing | Belly Dance
159,Fire Fan Flower Set ( out of stock),FireInv:firefanflower,This product is out of stock,0,Fire Fan | Fire Dancing | Belly Dance
160,Fire Fan Gora Flower Large,FireInv:firefanflowergora,This product is out of stock,0,Gora Fire Fan | Fire Dancing | Belly Dance
161,Fire Fan Gora Flower Small (out of stock),FireInv:firefanflowergora,This product is out of stock,0,Gora Fire Fan | Fire Dancing | Belly Dance
162,Fire Fan Small Flower Arc (out of stock),FireInv:firefansamllflowerarc,This product is out of stock,0,Fire Fan | Fire Dancing | Belly Dance
163,Fire Fan Spider Web DIY Kit,FireInv:firefanflowerdiyspider,This product is out of stock,0,Fire Fan | Fire Dancing | Belly Dance
164,Fire Fan Spider Web Set,FireInv:firefanspider,This product is out of stock,0,Fire Fan | Fire Dancing | Belly Dance
165,Fire Fan Star DIY Kit (out of stock),FireInv:firefanflowerdiystar,This product is out of stock,0,Fire Fan | Fire Dancing | Belly Dance
166,Fire Fan Star Set (out of stock),FireInv:firefanstar,This product is out of stock,0,Fire Fan | Fire Dancing | Belly Dance
167,Fire Fan Twisted Flower,FireInv:firefanflowertwisted,This product is out of stock,0,Fire Fan | Fire Dancing | Belly Dance
168,"Fire Ring 1/2"" X 19""",ManRing:19fire,This product is out of stock,0,Fire Rings | hollow rings | fire juggling 
169,Flower Stick Spectrum,DVD:FSS,This product is out of stock,0,Luna Stix | flower stick DVD | learn flower stick
170,Flying Hats,Hats:MEX,red/aqua ( 4 in stock),0,Flying Hat | juggling hat | hat manipulation
171,Flying Hats,Hats:MEX,purple/white ( 11 in stock),0,Flying Hat | juggling hat | hat manipulation
172,Flying Hats,Hats:MEX,solid pink ( 1 in stock),0,Flying Hat | juggling hat | hat manipulation
173,Flying Hats,Hats:MEX,green/red (6 in stock),6,Flying Hat | juggling hat | hat manipulation
174,Flying Hats,Hats:MEX,green/pink (6 in stock),6,Flying Hat | juggling hat | hat manipulation
175,Flying Hats,Hats:MEX,black/pink ( 4 in stock),0,Flying Hat | juggling hat | hat manipulation
176,Flying Hats,Hats:MEX,solid maroon ( 1 in stock),0,Flying Hat | juggling hat | hat manipulation
177,Flying Hats,Hats:MEX,solid purple ( 5 in stock),0,Flying Hat | juggling hat | hat manipulation
178,Flying Karamazov Brothers Scrapbook DVD,DVD:FKBD,This product is out of stock,0,Flying Karamazov Brothers Scrapbook DVD - Renegade
179,Fyrefli Fire Diabolo,InvDiab:FYR1,This product is out of stock,0,Fire Dibabolo | light up diabolo | Fyrefli
180,"Gatto, from Vaudeville Acro-Cat to the King of Juggling",DVD:GFV,This product is out of stock,0,anthony gatto | nick gatto | juggling history
181,"Glitter Stage Ball, 125mm ",Stgbal:Glit125,red (OUT OF STOCK),0,juggling ball | glitter stage ball | contact Juggling
182,"Glitter Stage Ball, 125mm ",Stgbal:Glit125,chartreuse (OUT OF STOCK),0,juggling ball | glitter stage ball | contact Juggling
183,"Glitter Stage Ball, 125mm ",Stgbal:Glit125,silver (OUT OF STOCK),0,juggling ball | glitter stage ball | contact Juggling
184,"Glitter Stage Ball, 125mm ",Stgbal:Glit125,pink (OUT OF STOCK),0,juggling ball | glitter stage ball | contact Juggling
185,"Glitter Stage Ball, 125mm ",Stgbal:Glit125,gold (OUT OF STOCK),0,juggling ball | glitter stage ball | contact Juggling
186,"Glitter Stage Ball, 125mm ",Stgbal:Glit125,blue (1 IN STOCK),1,juggling ball | glitter stage ball | contact Juggling
187,Glow Ball K-8 iBall RGB-IR ,GLOW:K8B,75mm (2 IN STOCK),2,LED juggling ball | glow ball | RGB LED balls
188,Glow Ball K-8 iBall RGB-IR ,GLOW:K8B,70mm (OUT OF STOCK),0,LED juggling ball | glow ball | RGB LED balls
189,Gora Breakdown Contact Fire Staff,GCS,standard wick ends 65.5 inch long with flowers (OUT OF STOCK) ($149.00),0,Contact staff | Fire Staff | fire dance
190,Gora Breakdown Contact Fire Staff,GCS,fatboy woven wick ends 57 (OUT OF STOCK) ($199.00),0,Contact staff | Fire Staff | fire dance
191,Gora Breakdown Contact Fire Staff,GCS,fatboy woven wick ends 59.25 inch long with flowers (OUT OF STOCK) ($199.00),0,Contact staff | Fire Staff | fire dance
192,Gora Carbon Fire Staff ,GCFS,This product is out of stock,0,Carbon Staff | fire staff | fire dance
193,Gora Contact Fire Staff,GCS,Big Woven Wicks (OUT OF STOCK) ($199.00),0,Contact Fire Staff | fire staff | gora
194,Gora Dragon Staff Collapsible ,GDSC,This product is out of stock,0, Dragon Staff | Fire Staff | contact staff 
195,Gora Fire Arm Braces ,GFB,mens pair ( black) (OUT OF STOCK) ($39.00),0,Fire arm brace | Fire Dancing | Flow Arts
196,Gora Fire Arm Braces ,GFB,woman pair (brown/tan) (OUT OF STOCK) ($49.00),0,Fire arm brace | Fire Dancing | Flow Arts
197,Gora Fire Arm Braces ,GFB,woman pair (silver) (OUT OF STOCK) ($49.00),0,Fire arm brace | Fire Dancing | Flow Arts
198,Gora Fire Arm Braces ,GFB,men pair (brown) (OUT OF STOCK) ($39.00),0,Fire arm brace | Fire Dancing | Flow Arts
199,Gora Fire Hoop 5 or 6 Wicks ,Fdance:GFH,5 wick (light)( out of stock) ($109.00),0,Fire hoop | fire dancing | hooping
200,Gora Fire Sword ,GFSO,This product is out of stock,0,fire sword | sword fighting | fire staff
201,Gora Practice Contact Staff (fixed or breakdown),GPC,This product is out of stock,0,Contact Staff | practice staff | staff spining
202,Gora Practice LeviStick,FireInv:GLEVIP,blue (OUT OF STOCK),0,"LeviStick for Fire, this fire levistick or floating magic wand"
203,Half Holographic Rings 40cm,ManRflat:40Halfholo,40 cm pink/silver (1 IN STOCK),1,juggling ring | flat ring | color change ring
204,Hat Juggling DVD with Andy Head,DVD:HATD,This product is out of stock,0,Hat Juggling | hat juggling DVD | Andy Head
205,Henrys Albatros Europ,Clubs:Haabe,green (3 IN STOCK),3,Henrys | Henrys Albatros | Albators Circus 1/10 M
206,Henrys Circus Diabolo,InvDiab:CIR,blue (1 IN STOCK),1,Circus Diabolo | rubber diabolo | henrys diabolo
207,Henrys Circus Diabolo,InvDiab:CIR,red (OUT OF STOCK),0,Circus Diabolo | rubber diabolo | henrys diabolo
208,Henrys Delphin Long,Clubs:Hdelp, yellow tube handle (OUT OF STOCK),0,Henrys | Delphin | juggling club
209,Henrys Delphin Long,Clubs:Hdelp, green tube handle (OUT OF STOCK),0,Henrys | Delphin | juggling club
210,Henrys Delphin Long,Clubs:Hdelp,red tube handle (8 IN STOCK),8,Henrys | Delphin | juggling club
211,Henrys Delphin Long Decorated,Clubs:Hdelp,red (OUT OF STOCK),0,Henrys | Delphin | juggling club
212,Henrys Delphin Long Decorated,Clubs:Hdelp,green (OUT OF STOCK),0,Henrys | Delphin | juggling club
213,Henrys Delphin Long Decorated,Clubs:Hdelp,blue (OUT OF STOCK),0,Henrys | Delphin | juggling club
214,Henrys Delphin Long Decorated,Clubs:Hdelp,white (OUT OF STOCK),0,Henrys | Delphin | juggling club
215,Henrys Nine Cigar Box Stack Raw Wood4.75-7.5-2.25,PCI9,This product is out of stock,0,cigar box juggling | nine box stack | cigar box stacking
216,Henrys Pirouette Europ,Clubs:Hpire,blue (OUT OF STOCK),0,Henrys | Henrys Classic Europ | Classic Europ
217,Henrys Plastic Spinning Plate,HSP,Yellow (3 IN STOCK),3,henrys | spinning plate | plate juggling 
218,Henrys Plastic Spinning Plate,HSP,Purple (5 IN STOCK),5,henrys | spinning plate | plate juggling 
219,Henrys Vision Diabolo,InvDiab:VIS,black (2 IN STOCK),2,Vision Diabolo | lightweight diabolo | henrys diabolo
220,Henrys Vision Diabolo,InvDiab:VIS,white (2 IN STOCK),2,Vision Diabolo | lightweight diabolo | henrys diabolo
221,"Hernys Yo-Yo Tiger Snake, Lizard, Cobra",HSLC,Cobra Black Rim Yellow Center ( out of stock) ($20.00),0,Henrys | Yo-Yo | cobra yo-yo
222,"Hollow LED Ring 1/2"" x 14""",ManRing:GLOW,Green battery(OUT OF STOCK),0,Glow Ring | LED Juggling ring | LED props
223,"Hollow LED Ring 1/2"" x 14""",ManRing:GLOW,Blue battery(2 IN STOCK),2,Glow Ring | LED Juggling ring | LED props
224,"Hollow LED Ring 1/2"" x 14""",ManRing:GLOW,Yellow battery(2 IN STOCK),2,Glow Ring | LED Juggling ring | LED props
225,"Hollow LED Ring 1/2"" x 14""",ManRing:GLOW,Red battery (OUT OF STOCK),0,Glow Ring | LED Juggling ring | LED props
226,"Hollow LED Ring 1/2"" x 14""",ManRing:GLOW,7 color rechargeable ( out of stock) ($11.00),0,Glow Ring | LED Juggling ring | LED props
227,"Hollow LED Ring 1/2"" x 14""",ManRing:GLOW,White battery (OUT OF STOCK),0,Glow Ring | LED Juggling ring | LED props
228,"Hollow LED Ring 1/2"" x 14""",ManRing:GLOW,7 Color-change battery ( 2 IN STOCK),0,Glow Ring | LED Juggling ring | LED props
229,"Hollow LED Ring 1/2"" x 14""",ManRing:GLOW,Orange battery (3 IN STOCK),3,Glow Ring | LED Juggling ring | LED props
230,"Instructional Triangle Beanbag (65mm, 67 grams)",Bbags:INS,purple (2 bags IN STOCK),0,teaching beanbag | juggling beanbag | juggling ball
231,"Instructional Triangle Beanbag (65mm, 67 grams)",Bbags:INS,light blue (9 bags IN STOCK),0,teaching beanbag | juggling beanbag | juggling ball
232,"Instructional Triangle Beanbag (65mm, 67 grams)",Bbags:INS,light green (6 bags IN STOCK),0,teaching beanbag | juggling beanbag | juggling ball
233,"Instructional Triangle Beanbag (65mm, 67 grams)",Bbags:INS,yellow (1 bag IN STOCK),0,teaching beanbag | juggling beanbag | juggling ball
234,"Instructional Triangle Beanbag (65mm, 67 grams)",Bbags:INS,orange (OUT OF STOCK),0,teaching beanbag | juggling beanbag | juggling ball
235,"Instructional Triangle Beanbag (65mm, 67 grams)",Bbags:INS,red (5 bags IN STOCK),0,teaching beanbag | juggling beanbag | juggling ball
236,K8 Sundia IR-RGB LED Diabolo,InvDiab:k8led,This product is out of stock,0,K8 IR-RGB Diabolo | LED Diabolo | Glow Diabolo
237,Kangaroo Bull Whip five and six foot shot loaded,WHIPSkagarooshotloaded,Black 6 foot (1 IN STOCK) ($199.00),1,Whips
238,"Kaos, Poison and Venom Fan Replacement Wick",FireInv:KFWIC,This product is out of stock,0,Kaos Fire Fan wicks | wick heads | replacement wicks
239,Kendama Ozora,KOZ,natural wood (OUT OF STOCK),0,Kendama | Ozora | competition Kendama
240,Kendama Ozora,KOZ,red (OUT OF STOCK),0,Kendama | Ozora | competition Kendama
241,Kendama Ozora Premium Street,KOZstreet,black ( out of stock) ($38.00),0,Kendama | Ozora | Street Kendama
242,"Kevlar Fire Yarn 3/8, 5/8 Inch",WICK:WIC38Y,5/8 inch (OUT OF STOCK) ($1.50),0,Kevlar Fire Yarn | kevlar yarn | fire yarn
243,"Kevlar Flat Wick (1/16 thick) 1/2"", 3/4"", 1.0"", 1.5"", 2.0"" 2.5"", 3.0"" &amp; 4.0""",WICK:WIC1T,"1"" X 1/16"" (OUT OF STOCK) ($0.75)",0,Kevlar Wick | flat wick | fire wick
244,"Kevlar Flat Wick (1/16 thick) 1/2"", 3/4"", 1.0"", 1.5"", 2.0"" 2.5"", 3.0"" &amp; 4.0""",WICK:WIC1T,"1/2"" X 1/16"" ( out of stock) ($0.30)",0,Kevlar Wick | flat wick | fire wick
245,"Kevlar Flat Wick (1/16 thick) 1/2"", 3/4"", 1.0"", 1.5"", 2.0"" 2.5"", 3.0"" &amp; 4.0""",WICK:WIC1T,"4"" X 1/16""( out of stock) ($2.25)",0,Kevlar Wick | flat wick | fire wick
246,"Kevlar Flat Wick (1/8"" thick) 1/2"", 3/4"", 1.0"", 1.5"", 2.0"" 2.5"", 3.0"" &amp; 4.0""",WICK:WIC,1/2 in. X 1/8 in. (OUT OF STOCK) ($0.50),0,Kevlar Wick | flat wick | fire wick
247,"Kevlar Flat Wick (1/8"" thick) 1/2"", 3/4"", 1.0"", 1.5"", 2.0"" 2.5"", 3.0"" &amp; 4.0""",WICK:WIC,1 in. X 1/8 in. (OUT OF STOCK) ($1.15),0,Kevlar Wick | flat wick | fire wick
248,"Kevlar Flat Wick (1/8"" thick) 1/2"", 3/4"", 1.0"", 1.5"", 2.0"" 2.5"", 3.0"" &amp; 4.0""",WICK:WIC,2 in. X 1/8 in. (out of stock) ($2.25),0,Kevlar Wick | flat wick | fire wick
249,"Kevlar Flat Wick (1/8"" thick) 1/2"", 3/4"", 1.0"", 1.5"", 2.0"" 2.5"", 3.0"" &amp; 4.0""",WICK:WIC,4.0 x 1/8 in. (OUT OF STOCK) ($4.25),0,Kevlar Wick | flat wick | fire wick
250,Kevlar Flat Wick 100 Foot Rolls,WICK:WICW,"1.0"" X 1/8"" (OUT OF STOCK) ($100.00)",0,Kevlar Wick | flat wick | fire wick
251,Kevlar Flat Wick 100 Foot Rolls,WICK:WICW,"4.0 X 1/8"" ( out of stock) ($330.00)",0,Kevlar Wick | flat wick | fire wick
252,Kevlar Flat Wick 100 Foot Rolls,WICK:WICW,"1.0"" X 1/16"" (OUT OF STOCK) ($60.00)",0,Kevlar Wick | flat wick | fire wick
253,Kevlar Flat Wick 100 Foot Rolls,WICK:WICW,"2.0"" X 1/16"" (OUT OF STOCK) ($112.00)",0,Kevlar Wick | flat wick | fire wick
254,Kevlar Flat Wick 100 Foot Rolls,WICK:WICW,"4.0"" X 1/16"" (OUT OF STOCK) ($180.00)",0,Kevlar Wick | flat wick | fire wick
255,Kevlar Flat Wick 100 Foot Rolls,WICK:WICW,"3.0 X 1/8"" (OUT OF STOCK) ($250.00)",0,Kevlar Wick | flat wick | fire wick
256,Kevlar Flat Wick 100 Foot Rolls,WICK:WICW,"2.0"" X 1/8"" ( out of stock) ($195.00)",0,Kevlar Wick | flat wick | fire wick
257,Kevlar Flat Wick 100 Foot Rolls,WICK:WICW,1/2 x 1/16 ( out of stock) ($25.00),0,Kevlar Wick | flat wick | fire wick
258,Kevlar Flat Wick 100 Foot Rolls,WICK:WICW,"1.5"" x 1/16"" (OUT OF STOCK) ($80.00)",0,Kevlar Wick | flat wick | fire wick
259,Kevlar Flat Wick 100 Foot Rolls,WICK:WICW,"1/2"" X 1/8"" (OUT OF STOCK) ($40.00)",0,Kevlar Wick | flat wick | fire wick
260,Koxx-One Seat post Clamp,Uni:KCLAM,orange/double bolt (OUT OF STOCK),0,Koxx-One Seat post Clamp
261,LED Juggling Ball K-8 MKM,GLOW:K8M,70 mm blue(OUT OF STOCK),0,K8 K-8 iball MKM Glow Ball
262,LED Juggling Ball K-8 MKM,GLOW:K8M,70mm fade(OUT OF STOCK),0,K8 K-8 iball MKM Glow Ball
263,LED Juggling Ball K-8 MKM,GLOW:K8M,70 mm red (OUT OF STOCK),0,K8 K-8 iball MKM Glow Ball
264,LED Juggling Ball K-8 MKM,GLOW:K8M,63mm fade (out of stock),0,K8 K-8 iball MKM Glow Ball
265,LED Juggling Ball K-8 MKM,GLOW:K8M,70 mm green(OUT OF STOCK),0,K8 K-8 iball MKM Glow Ball
266,"Large Clear Acrylic Juggling Balls 90mm, 95mm, 100mm, 120mm",Cball:ALARGE,120mm (3 in stock) ($75.00),3,Acrylic Contact Balls | contact juggling | contact juggling balls
267,"Large Clear Acrylic Juggling Balls 90mm, 95mm, 100mm, 120mm",Cball:ALARGE,"95mm ( 3.74"") (OUT OF STOCK) ($34.00)",0,Acrylic Contact Balls | contact juggling | contact juggling balls
268,"Large Vinyl Beanbag (72mm, 155 grams)",Bbags:VINL,white (5 IN STOCK),5,Large Vinyl Beanbag | juggling ball | renegade juggling
269,"Large Vinyl Beanbag (72mm, 155 grams)",Bbags:VINL,orange (OUT OF STOCK),0,Large Vinyl Beanbag | juggling ball | renegade juggling
270,"Large Vinyl Beanbag (72mm, 155 grams)",Bbags:VINL,white/green (out of stock),0,Large Vinyl Beanbag | juggling ball | renegade juggling
271,"Large Vinyl Beanbag (72mm, 155 grams)",Bbags:VINL,purple (OUT OF STOCK),0,Large Vinyl Beanbag | juggling ball | renegade juggling
272,"Large Vinyl Beanbag (72mm, 155 grams)",Bbags:VINL,white/purple (OUT OF STOCK),0,Large Vinyl Beanbag | juggling ball | renegade juggling
273,"Large Vinyl Beanbag (72mm, 155 grams)",Bbags:VINL,white/orange (OUT OF STOCK),0,Large Vinyl Beanbag | juggling ball | renegade juggling
274,"Large Vinyl Beanbag (72mm, 155 grams)",Bbags:VINL,white/blue (1 IN STOCK),1,Large Vinyl Beanbag | juggling ball | renegade juggling
275,Life in a Clown House,Books:LCH,This product is out of stock,0,Life in a clown house | Julie Goell | clowning
276,Lightrix DMX RF Box,GLOW:DDMXB,This product is out of stock,0,Pixel poi | led poi | pio swinging
277,"Luna Stix, Jester, Master, Wizard, Glow and Equinox",Flo:LUNA,Glow ( out of stock) ($50.00),0,Luna Stix | flower stick | devil stick
278,Lycopodium Powder,GLP,LARGE LYCO PUMP (OUT OF STOCK) ($18.00),0,Lycopodium Powder | flash powder | fire spitting
279,Lycopodium Powder,GLP,SMALL LYCO PUMP (OUT OF STOCK) ($18.00),0,Lycopodium Powder | flash powder | fire spitting
280,MHD Pro Sundia diabolo,InvDiab:MHD,white triple bearing (OUT OF STOCK) ($10.00),0,MHD Pro| MHD diabolo | fixed axle diabolo
281,MHD Pro Sundia diabolo,InvDiab:MHD,white fixed axle (OUT OF STOCK),0,MHD Pro| MHD diabolo | fixed axle diabolo
282,Magnetic Fire Sword/Staff,GFSOS,/Price Set (1 IN STOCK),1,fire sword | sword fighting | fire staff
283,Meteor Instruction Book,Books:MET,This product is out of stock,0,The Meteor instruction book | learn meteor | meteor
284,Mouth Stick Ball Balancing,SkPlate:MSTXB,This product is out of stock,0,plate spinning | mouth stick | ball balancing 
285,Mouth Stick Plate and Ball Spinning,SkPlate:MSTX,70 degrees (OUT OF STOCK),0,plate spinning | mouth stick | ball spinning
286,"My First Diabolo Book, Stick Grinds and Suicides, Crazy Cradles and Baffling Body Moves, Two Hot To Handle, Totally Diabolical",InvDiab:DIA0,Crazy Cradles and Baffling Body Moves ( out of stock) ($10.00),0,Diabolo Books | Learn diabolo | diabolo tricks book
287,"My First Diabolo Book, Stick Grinds and Suicides, Crazy Cradles and Baffling Body Moves, Two Hot To Handle, Totally Diabolical",InvDiab:DIA0,Stick Grinds and Suicides (OUT OF STOCK) ($10.00),0,Diabolo Books | Learn diabolo | diabolo tricks book
288,Neils Poll Hat Two-Tone Colors,Hats:PollTT,Grey/red 61cm (OUT OF STOCK),0,Juggling hat | hat tricks | poll hat
289,Neils Poll Hat Two-Tone Colors,Hats:PollTT,Grey/red 59cm (1 IN STOCK),1,Juggling hat | hat tricks | poll hat
290,PX3 Vegas Original True Wrapped Handle,Clubs:PX3VEGT,This product is out of stock,0,Px3 | Veags | Play Juggling
291,PX4 Quantum ,Clubs:PX4QUA, PASTEL BLUE (OUT OF STOCK),0,Px4 | Px4 Quantum | Play Juggling club
292,Pearlescent Stage Ball 100mm ,Stgbal:PSB100,white pearl (OUT OF STOCK),0,static poi ball | stage ball | juggling ball
293,Pearlescent Stage Ball 100mm ,Stgbal:PSB100,orange (OUT OF STOCK),0,static poi ball | stage ball | juggling ball
294,Pearlescent Stage Ball 100mm ,Stgbal:PSB100,aqua (OUT OF STOCK),0,static poi ball | stage ball | juggling ball
295,Pearlescent Stage Ball 100mm ,Stgbal:PSB100,pink (1 IN STOCK),1,static poi ball | stage ball | juggling ball
296,Pearly Contact Poi Colored Leash 100mm ,CONPOI,This product is out of stock,0,Contact Poi | static poi | poi balls
297,"Pearly Contact Poi, Technora/Kevlar Leash 100mm",CONPOI,Black (OUT OF STOCK),0,Contact Poi | static poi | poi balls
298,Pixel Hoop ,GLOW:LTHOP,This product is out of stock,0,Pixel hoop | led hoop | led hoop dancing
299,Pixel Poi/Staff 144 (new 2019),GLOW:LT144,This product is out of stock,0,Pixel poi | led poi | pio swinging
300,Pixel Poi/Staff 64,GLOW:LT64,This product is out of stock,0,Pixel poi | led poi | pio swinging
301,Pixel Poi/Staff 92 (new 2019),GLOW:LT92,This product is out of stock,0,Pixel poi | led poi | pio swinging
302,Play Aerial Rope Corde Lisse,Plisse,This product is out of stock,0,Corde Lisse | aerial rope | spanish web
303,Play Diabolo Handsticks Deos and Geko,InvDiab:PHS,deos black/white white string (3 IN STOCK) ($35.00),3,deos carbon fiber diabolo handsticks and Mr Babache carbon handsticks
304,Play Diabolo Handsticks Deos and Geko,InvDiab:PHS,deos red/white grip/orange string (3 IN STOCK) ($35.00),3,deos carbon fiber diabolo handsticks and Mr Babache carbon handsticks
305,Play Diabolo Handsticks Deos and Geko,InvDiab:PHS,deos blue/white grip/white string (1 IN STOCK) ($35.00),1,deos carbon fiber diabolo handsticks and Mr Babache carbon handsticks
306,Play Fire Chain Poi,Fdance:PCHA,pair medium wick head (2 7/8 inch) (OUT OF STOCK) ($45.00),0,Fire Chain | fire poi | fire swinging
307,Play Fluor Flat Ring 32cm,ManRflat:32playfloro,This product is out of stock,0,juggling ring | flat ring | numbers juggling ring
308,"Play G-Force Bounce Ball (54mm, 100 grams)",BounceBall:GF54,white only (OUT OF STOCK),0,Bounce Ball | bounce juggling | g-force bounce ball
309,"Play G-Force Bounce Ball (64mm, 151 grams)",BounceBall:GF64,white (2 IN STOCK),2,Bounce Ball | bounce juggling | g-force bounce ball
310,"Play G-Force Bounce Ball (70mm, 190 grams)",BounceBall:GF70, white (5 IN STOCK),5,Bounce Ball | bounce juggling | g-force bounce ball
311,Play Gerris Universal Hand Balance Platform,PGERRIS,This product is out of stock,0,Handbalance stand
312,Play Hand Balance Board,PHBB,multi-setting board (OUT OF STOCK) ($469.00),0,Handbalance stand
313,Play Hydra Fire Flowerstick,PFS,This product is out of stock,0,Play Fire Flowerstick | fire devil stick | fire flower stick
314,Play Juggling Spinning Ball 215mm,BounceBall:PSB,yellow ( 3 in stock),0,Spinning Ball | mouth stick | spining plates 
315,Play Juggling Spinning Ball 215mm,BounceBall:PSB,red ( 1 in stock),0,Spinning Ball | mouth stick | spining plates 
316,"Play MMX1 Filled Stage Ball (62mm, 105 grams)",Bbags:MMX1,blue ( out of stock),0,mmx1 | juggling ball | Play
317,"Play MMX2 Filled Stage Ball (70mm, 150 grams)",Bbags:MMX70,green (3 IN STOCK),3,MMX2 | Filled Stage Ball | Play Juggling
318,"Play MMX3 Filled Stage Ball (75mm, 180 grams)",Bbags:MMX75,white matte (OUT OF STOCK),0,MMX3 75mm | juggling ball | Play Juggling
319,Play Mephisto Juggling Torch,Ftorches:PTOR,black handle white knob (5 IN STOCK),5,Juggling Torch | fire juggling | fire juggling pin
320,Play Pastel Flat Ring 24cm,ManRflat:24pastel,pastel orange (OUT OF STOCK),0,Flat Ring | juggling ring | small juggling ring
321,Play Pastel Flat Ring 32cm,ManRflat:PPR32,pastel pink (OUT OF STOCK),0,juggling ring | flat ring | number juggling
322,Play Pastel Flat Ring 32cm,ManRflat:PPR32,pastel orange (OUT OF STOCK),0,juggling ring | flat ring | number juggling
323,Play Pastel Flat Ring 32cm,ManRflat:PPR32,pastel violet (OUT OF STOCK),0,juggling ring | flat ring | number juggling
324,Play Pastel Flat Ring 32cm,ManRflat:PPR32,pastel blue (OUT OF STOCK),0,juggling ring | flat ring | number juggling
325,Play Pastel Flat Ring 32cm,ManRflat:PPR32,single ring (2 IN STOCK) ($6.00),2,juggling ring | flat ring | number juggling
326,Play Pastel Flat Ring 32cm,ManRflat:PPR32,pastel yellow (OUT OF STOCK),0,juggling ring | flat ring | number juggling
327,Play Pastel Flat Ring 32cm,ManRflat:PPR32,pastel green (OUT OF STOCK),0,juggling ring | flat ring | number juggling
328,Play Prima One-Piece Club,Clubs:PPC,glow in the dark ( out of stock) ($1.00),0,Juggling Club | prima | play juggling
329,Play Prima One-Piece Club,Clubs:PPC,red (OUT OF STOCK),0,Juggling Club | prima | play juggling
330,Play Px3 School Clubs (special offer),Clubs:PX4SIR,This product is out of stock,0,Px4 | Sirius | Play Juggling
331,Play Red Velvet Contact Ball 100mm,PCB100,This product is out of stock,0,Contact Juggling | contact ball | velvet contact ball
332,Play Rola Bola,RolaBola1,rolling tube with o-rings ( out of stock) ($35.00),0,rola bola | balance board | circus arts
333,Play SIL-X 100mm,Stgbal:SILX100,Glow-In-The-Dark (OUT OF STOCK) ($2.00),0,russian ball | contact juggling | 100mm contact
334,Play SIL-X 67mm,Stgbal:SILX67,pink (5 IN STOCK),5,SIL-X juggling ball | russian ball | silicone rusasian ball
335,Play SIL-X 67mm,Stgbal:SILX67,green (1 IN STOCK),1,SIL-X juggling ball | russian ball | silicone rusasian ball
336,Play SIL-X 67mm,Stgbal:SILX67,blue (2 IN STOCK),2,SIL-X juggling ball | russian ball | silicone rusasian ball
337,Play SIL-X HYBRID 75mm,Stgbal:PSXH75,green gloss ( 5 in stock),0,russian ball Hybrid | millet russian ball | play juggling
338,Play SIL-X HYBRID 75mm,Stgbal:PSXH75,orange gloss ( 4 in stock),0,russian ball Hybrid | millet russian ball | play juggling
339,Play SIL-X IMPLOSION 67mm,Stgbal:SILXI67,blue (1 IN STOCK),1,russian ball | sil-x ball | clear shell ball
340,Play SIL-X IMPLOSION 75mm ,Stgbal:SILXI75,hot pink(out of stock),0,russian ball | sil-x ball | silicone filled
341,Play SIL-X IMPLOSION 75mm ,Stgbal:SILXI75,blue (OUT OF STOCK),0,russian ball | sil-x ball | silicone filled
342,Play SIL-X IMPLOSION 78mm,Stgbal:SILXI78,hot pink (OUT OF STOCK),0,russian ball | sil-x ball | colored silicone 
343,Play SIL-X LIGHT 75mm,PSXL75,orange gloss (2 IN STOCK),2,russian ball | sil-x ball | thin shelled russian
344,Play SIL-X LIGHT 75mm,PSXL75, white matte ( out of stock),0,russian ball | sil-x ball | thin shelled russian
345,Play SIL-X LIGHT 75mm,PSXL75,green matte (6 IN STOCK),6,russian ball | sil-x ball | thin shelled russian
346,Play SIL-X LIGHT 75mm,PSXL75,red matte (6 IN STOCK),6,russian ball | sil-x ball | thin shelled russian
347,Play SIL-X LIGHT 75mm,PSXL75,orange matte (2 IN STOCK),2,russian ball | sil-x ball | thin shelled russian
348,Play SIL-X LIGHT 75mm,PSXL75,blue gloss (5 IN STOCK),5,russian ball | sil-x ball | thin shelled russian
349,Play SIL-X LIGHT 75mm,PSXL75,green gloss (3 IN STOCK),3,russian ball | sil-x ball | thin shelled russian
350,Play SIL-X LIGHT 75mm,PSXL75,yellow gloss ( out of stock),0,russian ball | sil-x ball | thin shelled russian
351,Play SIL-X LIGHT 78mm,PSXL78,white gloss (1 IN STOCK),1,russian ball | sil-x ball | light sil-x ball
352,Play SIL-X LIGHT 78mm,PSXL78,red (5 IN STOCK),5,russian ball | sil-x ball | light sil-x ball
353,Play SIL-X LIGHT 78mm,PSXL78,green (2 IN STOCK),2,russian ball | sil-x ball | light sil-x ball
354,Play SIL-X LIGHT 78mm,PSXL78,white matte (OUT OF STOCK),0,russian ball | sil-x ball | light sil-x ball
355,Play SIL-X LIGHT 78mm,PSXL78,pink (4 IN STOCK),4,russian ball | sil-x ball | light sil-x ball
356,Play Stage Balls 100mm,Stgbal:PSB100,blue 260 gram ( out of stock),0,poi ball | stage ball | contact juggling ball
357,Play Training Isolation hoop,ManRing:PIH,pink (1 IN STOCK),1,isolation ring | iso ring | Isolation hoop
358,Play Training Isolation hoop,ManRing:PIH,green (1 IN STOCK),1,isolation ring | iso ring | Isolation hoop
359,Play Training Isolation hoop,ManRing:PIH,red (2 IN STOCK),2,isolation ring | iso ring | Isolation hoop
360,Play Training Isolation hoop,ManRing:PIH,orange (1 IN STOCK),1,isolation ring | iso ring | Isolation hoop
361,Play Training Isolation hoop,ManRing:PIH,aqua (OUT OF STOCK),0,isolation ring | iso ring | Isolation hoop
362,Play Training Isolation hoop,ManRing:PIH,white (OUT OF STOCK),0,isolation ring | iso ring | Isolation hoop
363,"Podpoi, LED Poi",GLOW:PODPOI,This product is out of stock,0,Podpoi | led poi | pio swinging
364,Poi Loop grip with swivel,PSLG,black (OUT OF STOCK),0,poi grips | poi handle | fire poi
365,Poi Loop grip with swivel,PSLG,white (OUT OF STOCK),0,poi grips | poi handle | fire poi
366,Poi Loop grip with swivel,PSLG,blue (1 IN STOCK),1,poi grips | poi handle | fire poi
367,Poi Spinning Basics with Pele's Element,DVD:PEL,This product is out of stock,0,Poi Spinning Basics | poi swinging dvd | learn to swing poi
368,Poi Spinning by Michal Kahn and Welcome to the World of Poi by Klaus Scheuermann,Books:PSPIN,This product is out of stock,0,Poi Spinning | Lean Poi spinning | poi spinning books
369,Pork Pie Hat,Hats:POR,61cm (7-5/8 US) Solid Black (1 IN STOCK),1,Pork Pie Hat | hat juggling | hat passing
370,Pork Pie Hat,Hats:POR,57cm (7-1/8 US) Solid Black (OUT OF STOCK),0,Pork Pie Hat | hat juggling | hat passing
371,"Printed PU Beanbag Six Panel (65mm, 116 grams)",Bbags:PUPS,red dots ( out of stock),0,PU Beanbag | juggling Balls | renegade
372,"Printed PU Beanbag Six Panel (65mm, 116 grams)",Bbags:PUPS,gold dots ( 3 in stock),0,PU Beanbag | juggling Balls | renegade
373,"Printed PU Beanbag Six Panel (65mm, 116 grams)",Bbags:PUPS,black checks (OUT OF STOCK),0,PU Beanbag | juggling Balls | renegade
374,"Printed PU Beanbag Six Panel (65mm, 116 grams)",Bbags:PUPS,blue dots ( out of stock),0,PU Beanbag | juggling Balls | renegade
375,"Printed PU Beanbag Six Panel (65mm, 116 grams)",Bbags:PUPS,black dots ( out of stock),0,PU Beanbag | juggling Balls | renegade
376,"Printed PU Beanbag Six Panel (69mm, 135 grams)",Bbags:PUPM,red dot ( out of stock),0,PU Beanbag | juggling Balls | renegade
377,"Printed PU Beanbag Six Panel (69mm, 135 grams)",Bbags:PUPM,black dots ( out of stock),0,PU Beanbag | juggling Balls | renegade
378,"Printed PU Beanbag Six Panel (69mm, 135 grams)",Bbags:PUPM,blue dots (OUT OF STOCK),0,PU Beanbag | juggling Balls | renegade
379,"Printed PU Beanbag Six Panel (69mm, 135 grams)",Bbags:PUPM,red checks (3 IN STOCK),3,PU Beanbag | juggling Balls | renegade
380,"Printed PU Beanbag Six Panel (69mm, 135 grams)",Bbags:PUPM,blue checks ( 2 in stock),0,PU Beanbag | juggling Balls | renegade
381,"Printed PU Beanbag Six Panel (72mm, 140 grams) ",Bbags:PUPL,red stripe (OUT OF STOCK),0,Large PU Beanbag | Vinyl beanbag | juggling bags
382,"Printed PU Beanbag Six Panel (72mm, 140 grams) ",Bbags:PUPL,black dot (OUT OF STOCK),0,Large PU Beanbag | Vinyl beanbag | juggling bags
383,"Printed PU Beanbag Six Panel (72mm, 140 grams) ",Bbags:PUPL,blue stripe ( out of stock),0,Large PU Beanbag | Vinyl beanbag | juggling bags
384,"Printed PU Beanbag Six Panel (72mm, 140 grams) ",Bbags:PUPL,blue dot (OUT OF STOCK),0,Large PU Beanbag | Vinyl beanbag | juggling bags
385,"Puro Kevlar (100%) Flat Wick 25mm, 50mm, 70mm, 100mm",WICK:WICFP,25mm x 2.3mm (1 in. x 1/8 in. apox (out of stock ) ($1.25),0,Kevlar Wick | flat wick | fire wick
386,"Px4 Hybrid 95mm, Fiberglass Dowel",Clubs:95hybridfiber,BLUE ( out of stock),0,juggling club | renegade 95mm+ | juggling pin
387,Q-Axle Cranks 110/136 MM,QUAXPLQ2,This product is out of stock,0,Q cranks | Q-Axle Cranks | 145cm unicycle cranks
388,QU-AX Giraffe 20 inch unicycle Steel,LUXG,This product is out of stock,0,QU-AX Unicyles
389,QU-AX Luxus 16 inch unicycle,LUX16,This product is out of stock,0,QU-AX Unicyles
390,QU-AX Luxus 18 inch unicycle,LUX18,This product is out of stock,0,QU-AX Unicyles
391,QU-AX Luxus 20 inch unicycle comes in 4 colors,LUX20R,This product is out of stock,0,QU-AX Unicyles
392,QU-AX Luxus 24 inch unicycle black,LUX24B,This product is out of stock,0,QU-AX Unicyles
393,QU-AX Luxus 26 inch unicycle black ,LUX22B,This product is out of stock,0,QU-AX Unicyles
394,QU-AX Muni 24 inch unicycle ,MUNI24,This product is out of stock,0,QU-AX | Unicyles | Muni Unicycles
395,QU-AX Muni 27.5 inch unicycle ,MUNI27.5,This product is out of stock,0,QU-AX | Unicyles | Muni 27.5 Unicycles
396,QU-AX Muni 29 inch unicycle ,MUNI29,This product is out of stock,0,QU-AX | Unicyles | Muni 29 inch Unicycles
397,QU-AX Muni Trial Starter 20 inch unicycle,MUNIS,This product is out of stock,0,QU-AX Unicyles | trial unicycle | starter unicycle
398,QU-AX Profi 20 inch unicycle black,PROFIC,This product is out of stock,0,QU-AX Unicycle | freestyle unicycle | profi unicycle
399,QU-AX Profi 20 inch unicycle chrome,PROFIC,This product is out of stock,0,QU-AX Unicycle | profile unicycle | freestyle unicycle
400,"QU-AX UNICYCLE SADDLE HANDLE (INTEGRATED) &amp; BUMPER,",QUAXSH,This product is out of stock,0,QU-AX saddle handle
401,"QU-AX UNICYCLE SEAT POST 25.4 X 200, 400, 600 STEEL, CHROME",QUAXSP2,This product is out of stock,0,"QU-AX SEATPOST 25.4 X 200, STEEL, CHROME"
402,QU-QX 36 inch Penny Farthings,MUNI36PF,This product is out of stock,0,QU-AX | Penny Farthings | Gentleman Bike
403,"QX #rgb seatpost, 31.6 cm",QUAXSP2,blue (OUT OF STOCK),0,"QX #rgb seatpost, 31.6 cm"
404,"QX #rgb seatpost, 31.6 cm",QUAXSP2,red (OUT OF STOCK),0,"QX #rgb seatpost, 31.6 cm"
405,QX Miuni 36 inch #rgb unicycle,MUNI36rgb,This product is out of stock,0,QU-AX Unicycles
406,QX Muni 19 inch #rgb trials unicycle,MUNITrgb,This product is out of stock,0,QX #rgb Unicycles | qu-qx trial unicycle | trial unicycle
407,QX Muni 27.5 inch #rgb mountian unicycle (sold out),MUNITrgb,This product is out of stock,0,QX #rgb Unicycles | mountian unicycle | disk brake unicycle
408,QX Muni 29 inch #rgb mountian unicycle ,MUNITrgb29,This product is out of stock,0,QX #rgb Unicycles | mountian unicycle | disk brake unicycle
409,Radfactor Chromite Russian ball 65mm,RFBc65mm,orange (2 IN STOCK),2,Russian juggling Ball | chromite russian ball | radiator russian balls
410,Radfactor Chromite Russian ball 70mm ,RFBC70mm,orange (OUT OF STOCK),0,Russian juggling Ball | chromite russian ball | radfactor russian balls
411,Radfactor Chromite Russian ball 70mm ,RFBC70mm,white (OUT OF STOCK),0,Russian juggling Ball | chromite russian ball | radfactor russian balls
412,Radfactor Chromite Russian ball 70mm ,RFBC70mm,pink (OUT OF STOCK),0,Russian juggling Ball | chromite russian ball | radfactor russian balls
413,Radfactor Chromite Russian ball 70mm ,RFBC70mm,aqua (OUT OF STOCK),0,Russian juggling Ball | chromite russian ball | radfactor russian balls
414,Radfactor Chromite Russian ball 70mm ,RFBC70mm,purple (5 IN STOCK),5,Russian juggling Ball | chromite russian ball | radfactor russian balls
415,Radfactor Chromite Russian ball 70mm ,RFBC70mm,red (2 IN STOCK),2,Russian juggling Ball | chromite russian ball | radfactor russian balls
416,Radfactor Chromite Russian ball 72mm ,RFB72mm,black( out of stock),0,Russian juggling Ball | chromite russian ball | radfactor russian balls
417,Radfactor Chromite Russian ball 75mm,RFBC75mm,blue (OUT OF STOCK),0,Russian juggling Ball | chromite russian ball | radfactor russian balls
418,Radfactor Chromite Russian ball 75mm,RFBC75mm,green (5 IN STOCK),5,Russian juggling Ball | chromite russian ball | radfactor russian balls
419,Radfactor Chromite Russian ball 75mm,RFBC75mm,black (1 IN STOCK),1,Russian juggling Ball | chromite russian ball | radfactor russian balls
420,Radfactor Chromite Russian ball 75mm,RFBC75mm,orange (5 IN STOCK),5,Russian juggling Ball | chromite russian ball | radfactor russian balls
421,Radfactor Chromite Russian ball 80 mm ,RFB80mm,red (9 IN STOCK),9,Russian Ball | russian juggling ball | sand filled russian ball
422,Radfactor Chromite Russian ball 80 mm ,RFB80mm,green (6 IN STOCK),6,Russian Ball | russian juggling ball | sand filled russian ball
423,Radfactor Chromite Russian ball 80 mm ,RFB80mm,black (6 IN STOCK),6,Russian Ball | russian juggling ball | sand filled russian ball
424,Radfactor Colored Sand Russian ball 72mm and 65mm,RFB75mm,pink (72mm) (OUT OF STOCK),0,Russian Ball | russian juggling ball | colored sand filled russian ball
425,Radfactor Colored Sand Russian ball 72mm and 65mm,RFB75mm,blue (72mm) (OUT OF STOCK),0,Russian Ball | russian juggling ball | colored sand filled russian ball
426,"Radfactor EVA Russian ball 65mm, 75mm and 80mm",RFEVA,red 65mm (out of stock),0,Russian juggling Ball | chromite russian ball | EVA russian balls
427,"Radfactor EVA Russian ball 65mm, 75mm and 80mm",RFEVA,green 70mm (2 IN STOCK),2,Russian juggling Ball | chromite russian ball | EVA russian balls
428,"Radfactor EVA Russian ball 65mm, 75mm and 80mm",RFEVA,white 80mm (6 IN STOCK),6,Russian juggling Ball | chromite russian ball | EVA russian balls
429,Radfactor Eukrainian Russian ball 80 mm ,RFB80mm,orange (out of stock),0,Eukrainian juggler | corn meal russian ball | radfactor russian balls
430,Radfactor Eukrainian Russian ball 80 mm ,RFB80mm,purple ( 6 in stock),0,Eukrainian juggler | corn meal russian ball | radfactor russian balls
431,Radfactor Eukrainian Russian ball 80 mm ,RFB80mm,white ( out of stock),0,Eukrainian juggler | corn meal russian ball | radfactor russian balls
432,Radfactor Glitter Russian ball 72mm ,RFB72mm,This product is out of stock,0,Russian Ball | russian juggling ball | glitter russian ball
433,Radfactor Hand Sticks Carbon Silicone Thin (51cm),DEV:RFHWT,light green (OUT OF STOCK),0,Hand Sticks| flower stick | devil stick
434,Radfactor Hand Sticks Carbon Silicone Thin (51cm),DEV:RFHWT,white (OUT OF STOCK),0,Hand Sticks| flower stick | devil stick
435,Radfactor Hand Sticks Carbon Silicone Thin (51cm),DEV:RFHWT,pink (1 pair in stock),0,Hand Sticks| flower stick | devil stick
436,Radfactor Hand Sticks Carbon Silicone Thin (51cm),DEV:RFHWT,burnt orange (OUT OF STOCK),0,Hand Sticks| flower stick | devil stick
437,Radfactor Hand Sticks Carbon Silicone Thin (51cm),DEV:RFHWT,red (OUT OF STOCK),0,Hand Sticks| flower stick | devil stick
438,Radfactor Hand Sticks Carbon Silicone Thin (51cm),DEV:RFHWT,blue (OUT OF STOCK),0,Hand Sticks| flower stick | devil stick
439,Radfactor Hand Sticks Carbon Silicone Thin (51cm),DEV:RFHWT,green (OUT OF STOCK),0,Hand Sticks| flower stick | devil stick
440,Radfactor Hand Sticks Carbon Silicone Thin (51cm),DEV:RFHWT,purple (out of stock),0,Hand Sticks| flower stick | devil stick
441,Radfactor Hand Sticks Wood Silicone Thick (49cm),DEV:RFHWT,red (2 IN STOCK),2,Hand Sticks| flower stick | devil stick
442,Radfactor Hand Sticks Wood Silicone Thick (49cm),DEV:RFHWT,white (out of stock),0,Hand Sticks| flower stick | devil stick
443,Radfactor Hand Sticks Wood Silicone Thick (49cm),DEV:RFHWT,yellow (3 pair in stock),0,Hand Sticks| flower stick | devil stick
444,Radfactor Hand Sticks Wood Silicone Thick (49cm),DEV:RFHWT,blue (OUT OF STOCK),0,Hand Sticks| flower stick | devil stick
445,Radfactor Hand Sticks Wood Silicone Thick (49cm),DEV:RFHWT,green (3 pair in stock),0,Hand Sticks| flower stick | devil stick
446,Radfactor Hand Sticks Wood Silicone Thick (49cm),DEV:RFHWT,purple (3 pair in stock),0,Hand Sticks| flower stick | devil stick
447,Radfactor Hand Sticks Wood Silicone Thick (49cm),DEV:RFHWT,orange (1 IN STOCK),1,Hand Sticks| flower stick | devil stick
448,Radfactor Hand Sticks Wood Silicone Thick (49cm),DEV:RFHWT, pink (2 IN STOCK),2,Hand Sticks| flower stick | devil stick
449,Radfactor Hand Sticks Wood Silicone Thick (51cm),DEV:RFHWT,yellow (2 IN STOCK),2,Hand Sticks| flower stick | devil stick
450,Radfactor Hand Sticks Wood Silicone Thick (51cm),DEV:RFHWT,white (OUT OF STOCK),0,Hand Sticks| flower stick | devil stick
451,Radfactor Hand Sticks Wood Silicone Thick (51cm),DEV:RFHWT,pink (2 IN STOCK),2,Hand Sticks| flower stick | devil stick
452,Radfactor Hand Sticks Wood Silicone Thick (51cm),DEV:RFHWT,orange (2 IN STOCK),2,Hand Sticks| flower stick | devil stick
453,Radfactor Hand Sticks Wood Silicone Thick (51cm),DEV:RFHWT,purple (3 IN STOCK),3,Hand Sticks| flower stick | devil stick
454,Radfactor Hand Sticks Wood Silicone Thick (51cm),DEV:RFHWT,blue (out of stock),0,Hand Sticks| flower stick | devil stick
455,Radfactor Hand Sticks Wood Silicone Thick (51cm),DEV:RFHWT,red (3 IN STOCK),3,Hand Sticks| flower stick | devil stick
456,Radfactor Hand Sticks Wood Silicone Thick (51cm),DEV:RFHWT,green (OUT OF STOCK),0,Hand Sticks| flower stick | devil stick
457,Radfactor Hand Sticks Wood Silicone Thin (49cm),DEV:RFHWT,red (3 pair in stock),0,Hand Sticks| flower stick | devil stick
458,Radfactor Hand Sticks Wood Silicone Thin (49cm),DEV:RFHWT,white (2 IN STOCK),2,Hand Sticks| flower stick | devil stick
459,Radfactor Hand Sticks Wood Silicone Thin (49cm),DEV:RFHWT,pink (3 pair in stock),0,Hand Sticks| flower stick | devil stick
460,Radfactor Hand Sticks Wood Silicone Thin (49cm),DEV:RFHWT,blue (3 pair in stock),0,Hand Sticks| flower stick | devil stick
461,Radfactor Hand Sticks Wood Silicone Thin (49cm),DEV:RFHWT,orange (3 pair in stock),0,Hand Sticks| flower stick | devil stick
462,Radfactor Hand Sticks Wood Silicone Thin (49cm),DEV:RFHWT,purple (3 pair in stock),0,Hand Sticks| flower stick | devil stick
463,Radfactor Hand Sticks Wood Silicone Thin (49cm),DEV:RFHWT,green (3 pair in stock),0,Hand Sticks| flower stick | devil stick
464,Radfactor Hand Sticks Wood Silicone Thin (49cm),DEV:RFHWT,yellow (3 pair in stock),0,Hand Sticks| flower stick | devil stick
465,Radfactor Hand Sticks Wood Silicone Thin (51cm) ,DEV:RFHWT,blue (3 pair in stock),0,Hand Sticks| flower stick | devil stick
466,Radfactor Hand Sticks Wood Silicone Thin (51cm) ,DEV:RFHWT,yellow (3 pair in stock),0,Hand Sticks| flower stick | devil stick
467,Radfactor Hand Sticks Wood Silicone Thin (51cm) ,DEV:RFHWT,green (3 pair in stock),0,Hand Sticks| flower stick | devil stick
468,Radfactor Hand Sticks Wood Silicone Thin (51cm) ,DEV:RFHWT,purple (3 pair in stock),0,Hand Sticks| flower stick | devil stick
469,Radfactor Hand Sticks Wood Silicone Thin (51cm) ,DEV:RFHWT,white (2 IN STOCK),2,Hand Sticks| flower stick | devil stick
470,Radfactor Hand Sticks Wood Silicone Thin (51cm) ,DEV:RFHWT,pink (3 pair in stock),0,Hand Sticks| flower stick | devil stick
471,Radfactor Hand Sticks Wood Silicone Thin (51cm) ,DEV:RFHWT,orange (3 pair in stock),0,Hand Sticks| flower stick | devil stick
472,Radfactor Hand Sticks Wood Silicone Thin (51cm) ,DEV:RFHWT,red (out of stock),0,Hand Sticks| flower stick | devil stick
473,"Radfactor Head bounce ball (150mm, 263 grams)",BounceBall:RFB,This product is out of stock,0,Head Bounce Ball | head ball | spinning ball
474,"Radfactor Manipulation Ball (185mm, 419 grams) ",BounceBall:RFB,green (OUT OF STOCK),0,Manipulation Ball | gymnastics ball | spinning ball
475,"Radfactor Manipulation Ball (185mm, 419 grams) ",BounceBall:RFB,floro red (3 IN STOCK),3,Manipulation Ball | gymnastics ball | spinning ball
476,"Radfactor Manipulation Ball (185mm, 419 grams) ",BounceBall:RFB,light blue (OUT OF STOCK),0,Manipulation Ball | gymnastics ball | spinning ball
477,"Radfactor Manipulation Ball (185mm, 419 grams) ",BounceBall:RFB,magenta (OUT IF STOCK),0,Manipulation Ball | gymnastics ball | spinning ball
478,"Radfactor Manipulation Ball (185mm, 419 grams) ",BounceBall:RFB,white (1 IN STOCK),1,Manipulation Ball | gymnastics ball | spinning ball
479,"Radfactor Manipulation Ball (185mm, 419 grams) ",BounceBall:RFB,yellow (OUT OF STOCK),0,Manipulation Ball | gymnastics ball | spinning ball
480,"Radfactor Manipulation Ball (185mm, 419 grams) ",BounceBall:RFB,orange (out of stock),0,Manipulation Ball | gymnastics ball | spinning ball
481,Radfactor Premium 70mm (limited edition color green),RFB70mm,This product is out of stock,0,"The chromite Russian juggling ball, light weight shell partially filled with chromite sand so it has the strongest russian effect."
482,Radfactor Premium 75mm (limited edition colors),RFB75mmlimited,magenta purple (OUT OF STOCK),0,Russian Ball | russian juggling ball | sand filled russian ball
483,Radfactor Premium 75mm (limited edition colors),RFB75mmlimited,blood red (1 IN STOCK),1,Russian Ball | russian juggling ball | sand filled russian ball
484,Radfactor Premium Russian ball 65mm,RFB65mm,pink (1 IN STOCK),1,Russian Ball | russian juggling ball | sand filled russian ball
485,Radfactor Premium Russian ball 70mm,RFB70mm,purple (2 IN STOCK),2,"The chromite Russian juggling ball, light weight shell partially filled with chromite sand so it has the strongest russian effect."
486,Radfactor Premium Russian ball 70mm,RFB70mm,blue (OUT OF STOCK),0,"The chromite Russian juggling ball, light weight shell partially filled with chromite sand so it has the strongest russian effect."
487,Radfactor Premium Russian ball 70mm,RFB70mm,green (4 IN STOCK),4,"The chromite Russian juggling ball, light weight shell partially filled with chromite sand so it has the strongest russian effect."
488,Radfactor Premium Russian ball 70mm,RFB70mm,white (5 IN STOCK),5,"The chromite Russian juggling ball, light weight shell partially filled with chromite sand so it has the strongest russian effect."
489,Radfactor Premium Russian ball 70mm,RFB70mm,black (OUT OF STOCK),0,"The chromite Russian juggling ball, light weight shell partially filled with chromite sand so it has the strongest russian effect."
490,Radfactor Premium Russian ball 70mm,RFB70mm,orange (OUT OF STOCK),0,"The chromite Russian juggling ball, light weight shell partially filled with chromite sand so it has the strongest russian effect."
491,Radfactor Premium Russian ball 70mm,RFB70mm,red (5 IN STOCK),5,"The chromite Russian juggling ball, light weight shell partially filled with chromite sand so it has the strongest russian effect."
492,Radfactor Premium Russian ball 72mm ,RFB72mm,burnt red (OUT OF STOCK),0,Russian Ball | russian juggling ball | sand filled russian ball
493,Radfactor Premium Russian ball 72mm ,RFB72mm,translucent blue (OUT OF STOCK),0,Russian Ball | russian juggling ball | sand filled russian ball
494,Radfactor Premium Russian ball 72mm ,RFB72mm,Orange (OUT OF STOCK),0,Russian Ball | russian juggling ball | sand filled russian ball
495,Radfactor Premium Russian ball 72mm ,RFB72mm,metallic green (OUT OF STOCK),0,Russian Ball | russian juggling ball | sand filled russian ball
496,Radfactor Premium Russian ball 75mm,RFB75mm,purple (1 IN STOCK),1,Russian Ball | russian juggling ball | sand filled russian ball
497,Radfactor Premium Russian ball 75mm,RFB75mm,blue (2 IN STOCK),2,Russian Ball | russian juggling ball | sand filled russian ball
498,Radfactor Premium Russian ball 80 mm ,RFB80mm,white ( 6 in stock),0,Russian Ball | russian juggling ball | sand filled russian ball
499,Radfactor Soarin Diabolo (fixed axle),InvDiab:RFD,aqua glitter (OUT OF STOCK),0,Soarin Diabolo | fixed axle diabolo | ryo yaba diabolo
500,Radfactor Soarin Diabolo (fixed axle),InvDiab:RFD,blue glitter (OUT OF STOCK),0,Soarin Diabolo | fixed axle diabolo | ryo yaba diabolo
501,Radfactor Soarin Diabolo (fixed axle),InvDiab:RFD,red glitter (OUT OF STOCK),0,Soarin Diabolo | fixed axle diabolo | ryo yaba diabolo
502,Radfactor Soarin Diabolo (triple bearing included) ,InvDiab:RFDT,translucent blue diabolo (OUT OF STOCK) ($55.00),0,Soarin Diabolo | triple bearing diabolo | ryo yaba diabolo
503,Radfactor Soarin Pearlesent Diabolo (triple bearing option),InvDiab:RFD,white pearlesent fixed ( out of stock),0,Soarin Diabolo | fixed axle diabolo | ryo yaba diabolo
504,Radfactor Soarin Pearlesent Diabolo (triple bearing option),InvDiab:RFD,white pearlesent triple bearing(out of stock) ($10.00),0,Soarin Diabolo | fixed axle diabolo | ryo yaba diabolo
505,Radfactor Spinning Ball 8.0 inch,BounceBall:RFSBS,This product is out of stock,0,Spinning Ball | mouth stick | spining plates 
506,Radfactor Spinning Ball 9.0 inch,BounceBall:RFSB,white with red swirls (1 IN STOCK),1,Spinning Ball
507,Radfactor Spinning Ball 9.0 inch,BounceBall:RFSB,white with blue swirls (OUT OF STOCK),0,Spinning Ball
508,Radfactor Spinning Ball 9.0 inch,BounceBall:RFSB,white with green swirls (OUT OF STOCK),0,Spinning Ball
509,Radfactor Spinning Ball 9.0 inch,BounceBall:RFSB,white with orange swirls (1 IN STOCK),1,Spinning Ball
510,Rechargeable LED Contact Juggling Ball,GLOW:G100RC,100 mm solid (with charging cable) (OUT OF STOCK) ($85.00),0,LED contact ball | contact juggling ball | LED juggling
511,Rechargeable LED Juggling Ball 70mm &amp; 100mm (9 pattern),GLOW:G70R, 70mm (filled ball each ) (1 IN STOCK) ($23.00),1,Glow Balls | LED juggling ball | glow in the dark
512,Rechargeable LED Juggling Ball 70mm &amp; 100mm (9 pattern),GLOW:G70R,100mm (hollow ball each) (2 IN STOCK) ($29.00),2,Glow Balls | LED juggling ball | glow in the dark
513,Renegade 105mm (Un-Decorated),Clubs:105,WHITE (OUT OF STOCK),0,juggling club | renegade 105mm | juggling pin
514,Renegade 105mm (Un-Decorated),Clubs:105,GREEN (out of stock),0,juggling club | renegade 105mm | juggling pin
515,Renegade 105mm (Un-Decorated),Clubs:105,UN-TAPED ( out of stock),0,juggling club | renegade 105mm | juggling pin
516,Renegade 75mm Club (Un-Decorated),Clubs:75,green(out of stock),0,juggling club | renegade 75mm | juggling pin
517,Renegade 75mm Club (Un-Decorated),Clubs:75,white (out of stock),0,juggling club | renegade 75mm | juggling pin
518,Renegade 75mm Travel Club,Clubs:75travel,green (out of stock),0,juggling club | renegade 75mm | juggling pin
519,Renegade 75mm Travel Club,Clubs:75travel,white (out of stock),0,juggling club | renegade 75mm | juggling pin
520,"Renegade 85mm, Wood Dowel (Colored Rubber)",Clubs:85+colored,UN-TAPED ( out of stock),0,juggling club | 85mm colored rubber | juggling pin
521,"Renegade 85mm, Wood Dowel (Un-Decorated)",Clubs:85,UN-TAPED ( out of stock),0,juggling club | renegade 85mm | juggling pin
522,"Renegade 95mm+, Fiberglass Dowel (Un-decorated)",Clubs:95+,BLUE ( out of stock),0,juggling clubs | renegade 95mm+ | juggling pin
523,"Renegade 95mm+, Plastic Dowel (Un-Decorated)",Clubs:95+plastic,BLUE ( out of stock),0,juggling clubs | renegade 95mm+ | juggling pin
524,"Renegade 95mm, Wood Dowel (Colored Rubber)",Clubs:95+colored,UNTAPED (out of stock),0,juggling club | 95mm colored rubber | juggling pin
525,"Renegade 95mm, Wood Dowel (Un-Decorated)",Clubs:95,LIGHT BLUE (out of stock),0,juggling club | renegade 95mm | juggling pin
526,"Renegade 95mm, Wood Dowel (Un-Decorated)",Clubs:95,RED (out of stock),0,juggling club | renegade 95mm | juggling pin
527,"Renegade 95mm, Wood Dowel (Un-Decorated)",Clubs:95,UN-TAPED (out of stock),0,juggling club | renegade 95mm | juggling pin
528,"Renegade 95mm, Wood Dowel (Un-Decorated)",Clubs:95,GREEN (out of stock),0,juggling club | renegade 95mm | juggling pin
529,"Renegade 95mm, Wood Dowel (Un-Decorated)",Clubs:95,BLUE (out of stock),0,juggling club | renegade 95mm | juggling pin
530,Renegade Arm and Leg Spinning Ring,ManRflat:spin,This product is out of stock,0,spinning ring | arm spinning rings | leg spinning ring
531,Renegade Black and White Juggling Clubs,Clubs:BW,This product is out of stock,0,"Renegade Juggling clubs un-decorated, black and white"
532,Renegade Fathead (Colored Handles),Clubs:FATC,yellow( out of stock) ,0,juggling club | renegade fat head | juggling pin
533,Renegade Fathead (Colored Handles),Clubs:FATC,green ( out of stock) ,0,juggling club | renegade fat head | juggling pin
534,Renegade Fathead (Colored Handles),Clubs:FATC,red( out of stock) ,0,juggling club | renegade fat head | juggling pin
535,Renegade Fathead (Colored Handles),Clubs:FATC,white (OUT OF STOCK),0,juggling club | renegade fat head | juggling pin
536,Renegade Fathead Club,Clubs:FAT,white ( out of stock),0,juggling club | renegade fat head | juggling pin
537,Renegade Fathead Club,Clubs:FAT,blue (9 in stock),9,juggling club | renegade fat head | juggling pin
538,Renegade Fathead Club,Clubs:FAT,green (12 in stock),12,juggling club | renegade fat head | juggling pin
539,Renegade Fathead Club,Clubs:FAT,aqua ( out of stock),0,juggling club | renegade fat head | juggling pin
540,Renegade Fathead Club,Clubs:FAT,tangerine (2 in stock),2,juggling club | renegade fat head | juggling pin
541,Renegade Fathead Club,Clubs:FAT,orange (8 in stock),8,juggling club | renegade fat head | juggling pin
542,Renegade Fathead Club,Clubs:FAT,red (5 in stock),5,juggling club | renegade fat head | juggling pin
543,Renegade Fathead Club,Clubs:FAT,purple (4 in stock),4,juggling club | renegade fat head | juggling pin
544,Renegade Fathead Club,Clubs:FAT,pink (9 in stock),9,juggling club | renegade fat head | juggling pin
545,Renegade Fathead Club,Clubs:FAT,yellow (5 in stock),5,juggling club | renegade fat head | juggling pin
546,Renegade Glass Russian Ball 100mm ,Stgbal:STG4R,blue ( out of stock),0,russian ball | russian juggling ball | glass russian ball
547,Renegade Glass Russian Ball 100mm ,Stgbal:STG4R,pink( out of stock),0,russian ball | russian juggling ball | glass russian ball
548,Renegade Glass Russian Ball 100mm ,Stgbal:STG4R,green( out of stock),0,russian ball | russian juggling ball | glass russian ball
549,Renegade Glass Russian Ball 100mm ,Stgbal:STG4R,red( out of stock),0,russian ball | russian juggling ball | glass russian ball
550,Renegade Glass Russian Ball 75mm,Stgbal:STG3RG, (3 IN STOCK) ( 4 IN STOCK),3,Russian Ball | russian juggling ball | glass filled russian ball
551,Renegade Glass Russian Ball 75mm,Stgbal:STG3RG,blue gloss (3 IN STOCK),3,Russian Ball | russian juggling ball | glass filled russian ball
552,Renegade Glass Russian Ball 75mm,Stgbal:STG3RG,white matte (2 IN STOCK),2,Russian Ball | russian juggling ball | glass filled russian ball
553,Renegade Glass Russian Ball 78 mm,Stgbal:STG3R,green (1 IN STOCK),1,Russian Ball | russian juggling ball | glass filled russian ball
554,Renegade Glass Russian Ball 78 mm,Stgbal:STG3R,blue (1 IN STOCK),1,Russian Ball | russian juggling ball | glass filled russian ball
555,Renegade Jugging Club Parts 95mm,Clubs:PART95,Flat Club Top Dark Blue ( out of stock) ($10.00),0,Juggling Club | juggling club parts | renegade juggling
556,Renegade Juggling Torch,Ftorches:TOR,This product is out of stock,0,juggling torch | fire torch | fire juggling
557,"Renegade Large Solo 1/2"" x 15""",ManRing:SOL15,white (7 IN STOCK),7,Jugging Rings | Hollow Ring | solo ring
558,"Renegade Large Solo 1/2"" x 15""",ManRing:SOL15,pink (2 IN STOCK),2,Jugging Rings | Hollow Ring | solo ring
559,"Renegade Large Solo 1/2"" x 15""",ManRing:SOL15,green (1 IN STOCK),1,Jugging Rings | Hollow Ring | solo ring
560,"Renegade Large Solo 1/2"" x 15""",ManRing:SOL15,yellow (7 IN STOCK),7,Jugging Rings | Hollow Ring | solo ring
561,Renegade Logo T-shirt ,Logshirt,large (OUT OF STOCK),0,Renegade t-shirt |short sleee shirt | logo shirt
562,Renegade Logo T-shirt ,Logshirt,extra large(OUT OF STOCK),0,Renegade t-shirt |short sleee shirt | logo shirt
563,Renegade Nano rings,ManRflat:RINANO,9 inch (10 IN STOCK),10,small juggling rings | juggling rings | renegade juggling 
564,"Renegade Passing Rings 1.0"" x 14""",ManRing:RIN14P,green (OUT OF STOCK),0,Jugging Rings } Hollow Ring | solo ring
565,"Renegade Passing Rings 1.0"" x 14""",ManRing:RIN14P,white (OUT OF STOCK),0,Jugging Rings } Hollow Ring | solo ring
566,Renegade Rola Bola ,RolaBola1,This product is out of stock,0,rola bola | balance board | circus arts
567,"Renegade Russian Glass X-large Ball 130mm, 140mm, 165mm &amp; 190mm",Stgbal:STG500R,This product is out of stock,0,manipulation russian ball | dancing russian ball | glass filled russian balls
568,"Renegade Solo Rings 1/2"" x 14""",ManRing:RIN14S,green (2 IN STOCK),2,Jugging Rings } Hollow Ring | solo ring
569,"Renegade Stage Ring 1/2"" x 19""",ManRing:SOL19,This product is out of stock,0,Jugging Rings } Hollow Ring | stage ring
570,"Renegade Teaching Vinyl Beanbag (65mm, 115 grams)",Bbags:PVB,orange/white (1 IN STOCK) ($5.50),1,Small Beanbag | Vinyl Juggling Balls | teaching juggling balls 
571,"Renegade Teaching Vinyl Beanbag (65mm, 115 grams)",Bbags:PVB,black /white (OUT OF STOCK) ($5.50),0,Small Beanbag | Vinyl Juggling Balls | teaching juggling balls 
572,Renegade d+Ring,ManRflat:d+Ring,This product is out of stock,0,juggling ring | juggllng ring shape | d+ring
573,Renegadesignlab (RdL) baby 8 ring,ManRflat:baby8,This product is out of stock,0,eight ring | 8 ring | baby eight ring
574,SRX Soft Russian 67mm,Stgbal:SRX3R,white (OUT OF STOCK),0,russian ball | soft shell russian ball | juggling ball
575,SRX Soft Russian 75mm,Stgbal:SRX3R,blue (gloss) (2 IN STOCK),2,russian ball |soft shell juggling ball | SRX soft russian
576,SRX Soft Russian 75mm,Stgbal:SRX3R,orange matte ( 4 in stock),0,russian ball |soft shell juggling ball | SRX soft russian
577,SRX Soft Russian 75mm,Stgbal:SRX3R,red matte (5 IN STOCK),5,russian ball |soft shell juggling ball | SRX soft russian
578,SRX Soft Russian 75mm,Stgbal:SRX3R,pink gloss ( 1 in stock),0,russian ball |soft shell juggling ball | SRX soft russian
579,SRX Soft Russian 75mm,Stgbal:SRX3R,yellow gloss (2 IN STOCK),2,russian ball |soft shell juggling ball | SRX soft russian
580,SRX Soft Russian 75mm,Stgbal:SRX3R,red gloss (1 IN STOCK),1,russian ball |soft shell juggling ball | SRX soft russian
581,"Silicone Ball 61mm, 64mm &amp; 70mm",BounceBall:SIL-BALL,70 mm PINK (10 IN STOCK) ($44.00),10,Bounce Ball | bounce juggling | silicone ball
582,"Silicone Ball 61mm, 64mm &amp; 70mm",BounceBall:SIL-BALL,61 mm blue (OUT OFSTOCK) ($34.00),0,Bounce Ball | bounce juggling | silicone ball
583,"Silicone Ball 61mm, 64mm &amp; 70mm",BounceBall:SIL-BALL,61 mm orange (10 IN STOCK) ($34.00),10,Bounce Ball | bounce juggling | silicone ball
584,"Silicone Ball 61mm, 64mm &amp; 70mm",BounceBall:SIL-BALL,61 mm green (OUT OF STOCK) ($34.00),0,Bounce Ball | bounce juggling | silicone ball
585,"Silicone Ball 61mm, 64mm &amp; 70mm",BounceBall:SIL-BALL,70 mm ORANGE (2 IN STOCK) ($44.00),2,Bounce Ball | bounce juggling | silicone ball
586,"Silicone Ball 61mm, 64mm &amp; 70mm",BounceBall:SIL-BALL,61 mm white (2 IN STOCK) ($34.00),2,Bounce Ball | bounce juggling | silicone ball
587,"Silicone Ball 61mm, 64mm &amp; 70mm",BounceBall:SIL-BALL,61 mm yellow (2 IN STOCK) ($34.00),2,Bounce Ball | bounce juggling | silicone ball
588,"Silicone Ball 61mm, 64mm &amp; 70mm",BounceBall:SIL-BALL,61 mm pink ( OUT OF STOCK) ($34.00),0,Bounce Ball | bounce juggling | silicone ball
589,"Silicone Ball 61mm, 64mm &amp; 70mm",BounceBall:SIL-BALL,70 mm YELLOW (7 IN STOCK) ($44.00),7,Bounce Ball | bounce juggling | silicone ball
590,"Silicone Ball 61mm, 64mm &amp; 70mm",BounceBall:SIL-BALL, 64mm WHITE UV AQUA (3 IN STOCK) ($41.00),3,Bounce Ball | bounce juggling | silicone ball
591,"Silicone Ball 61mm, 64mm &amp; 70mm",BounceBall:SIL-BALL,70 mm BLUE (5 IN STOCK) ($44.00),5,Bounce Ball | bounce juggling | silicone ball
592,"Silicone Ball 61mm, 64mm &amp; 70mm",BounceBall:SIL-BALL,70 mm GREEN (10 in stock) ($44.00),10,Bounce Ball | bounce juggling | silicone ball
593,"Silicone Ball 61mm, 64mm &amp; 70mm",BounceBall:SIL-BALL,64 mm WHITE (OUT OF STOCK) ($38.00),0,Bounce Ball | bounce juggling | silicone ball
594,"Silicone Ball 61mm, 64mm &amp; 70mm",BounceBall:SIL-BALL,64 mm BLUE ( 10 IN STOCK)) ($38.00),0,Bounce Ball | bounce juggling | silicone ball
595,"Silicone Ball 61mm, 64mm &amp; 70mm",BounceBall:SIL-BALL,64 mm GREEN (6 IN STOCK) ($38.00),6,Bounce Ball | bounce juggling | silicone ball
596,"Silicone Ball 61mm, 64mm &amp; 70mm",BounceBall:SIL-BALL,64 mm PINK (10 IN STOCK) ($38.00),10,Bounce Ball | bounce juggling | silicone ball
597,"Silicone Ball 61mm, 64mm &amp; 70mm",BounceBall:SIL-BALL,64 mm ORANGE (10 IN STOCK) ($38.00),10,Bounce Ball | bounce juggling | silicone ball
598,"Silicone Ball 61mm, 64mm &amp; 70mm",BounceBall:SIL-BALL,70 mm WHITE (14 in stock) ($44.00),14,Bounce Ball | bounce juggling | silicone ball
599,"Silicone Ball 61mm, 64mm &amp; 70mm",BounceBall:SIL-BALL,64 mm YELLOW ( 2 in stock) ($38.00),0,Bounce Ball | bounce juggling | silicone ball
600,Silicone contact poi knob (6mm hole),PSK,yellow (2 PAIR IN STOCK),0,contact poi | poi knob | poi parts
601,Silicone contact poi knob (6mm hole),PSK,glow in the dark (out of STOCK),0,contact poi | poi knob | poi parts
602,Silicone poi ball knobs with swivel,PSKS,black (OUT OF STOCK),0,contact poi | poi knob | poi balls
603,"Small Vinyl Beanbag (68mm, 130 grams)",Bbags:VINS,white/orange (OUT OF STOCK),0,Small Vinyl Beanbag | Vinyl Juggling Balls | beanbags
604,"Small Vinyl Beanbag (68mm, 130 grams)",Bbags:VINS,white/blue (7 IN STOCK),7,Small Vinyl Beanbag | Vinyl Juggling Balls | beanbags
605,"Small Vinyl Beanbag (68mm, 130 grams)",Bbags:VINS,red/yellow/green/blue (6 IN STOCK),6,Small Vinyl Beanbag | Vinyl Juggling Balls | beanbags
606,"Small Vinyl Beanbag (68mm, 130 grams)",Bbags:VINS,orange (OUT OF STOCK),0,Small Vinyl Beanbag | Vinyl Juggling Balls | beanbags
607,"Small Vinyl Beanbag (68mm, 130 grams)",Bbags:VINS,white (2 IN STOCK),2,Small Vinyl Beanbag | Vinyl Juggling Balls | beanbags
608,"Small Vinyl Beanbag (68mm, 130 grams)",Bbags:VINS,white/red (8 IN STOCK),8,Small Vinyl Beanbag | Vinyl Juggling Balls | beanbags
609,"Small Vinyl Beanbag (68mm, 130 grams)",Bbags:VINS,white/purple (OUT OF STOCK),0,Small Vinyl Beanbag | Vinyl Juggling Balls | beanbags
610,"Small Vinyl Beanbag (68mm, 130 grams)",Bbags:VINS,green (OUT OF STOCK),0,Small Vinyl Beanbag | Vinyl Juggling Balls | beanbags
611,"Small Vinyl Beanbag (68mm, 130 grams)",Bbags:VINS,blue (3 IN STOCK),3,Small Vinyl Beanbag | Vinyl Juggling Balls | beanbags
612,"Small Vinyl Beanbag Fluor (68mm, 127 grams)",Bbags:VINSFS,florescent orange (OUT OF STOCK),0,Small Vinyl Beanbag | Vinyl Juggling Balls | beanbags
613,"Small Vinyl Beanbag Fluor (68mm, 127 grams)",Bbags:VINSFS,florescent yellow (OUT OF STOCK),0,Small Vinyl Beanbag | Vinyl Juggling Balls | beanbags
614,"Small Vinyl Beanbag Fluor (68mm, 127 grams)",Bbags:VINSFS,florescent green (OUT OF STOCK),0,Small Vinyl Beanbag | Vinyl Juggling Balls | beanbags
615,"Small Vinyl Beanbag Fluor (68mm, 127 grams)",Bbags:VINSFS,florescent pink (OUT OF STOCK),0,Small Vinyl Beanbag | Vinyl Juggling Balls | beanbags
616,"Small Vinyl Beanbag Fluor (68mm, 127 grams)",Bbags:VINSFS,light blue (5 IN STOCK),5,Small Vinyl Beanbag | Vinyl Juggling Balls | beanbags
617,"Small Vinyl Beanbag Fluor (68mm, 127 grams)",Bbags:VINSFS,red (OUT OF STOCK),0,Small Vinyl Beanbag | Vinyl Juggling Balls | beanbags
618,"Small Vinyl Beanbag Metallic (68mm, 127 grams)",Bbags:VINSMT,This product is out of stock,0,Small Vinyl Beanbag | Vinyl Juggling Balls | beanbags
619,"Small six panel PU beanbag color/white (68mm, 130 grams)",VINSBF,This product is out of stock,0,Small Vinyl Beanbag | Vinyl Juggling Balls | beanbags
620,"Small six panel beanbag color/black (68mm, 130 grams) ",VINSBF,This product is out of stock,0,Small Vinyl Beanbag | Vinyl Juggling Balls | beanbags
621,"Solid Triangle, Square, Circle Rings",ManRflat:trisquaround,White Square(out of stock),0,Triangle ring | Square Rings | juggling ring
622,"Solid Triangle, Square, Circle Rings",ManRflat:trisquaround,White Triangle (out of stock),0,Triangle ring | Square Rings | juggling ring
623,"Spider Fly Line 25m, 35m and 50m",Slackline,Fly line 35 meters (OUT OF STOCK) ($129.00),0,Slacklines | Fly Lines | Spider
624,"Spider Fly Line 25m, 35m and 50m",Slackline,Fly line 50 meters (OUT OF STOCK) ($230.00),0,Slacklines | Fly Lines | Spider
625,Spider Indoor Slackhouse 3.0 and 4.0,Slackline,This product is out of stock,0,Slacklines |tree protection | Spider
626,Spider Lime Line lock,Slackline,This product is out of stock,0,Slacklines | line lock | Lime
627,"Spider Slacklines White Line 15m, Training Line 18m",Slackline,15 meters (OUT OF STOCK) ($54.99),0,Slackline
628,Spider Trick Line 25 M and 30M,Slackline,"</div><div class=""columns small-12""><input type=""radio"" id=""option-607-1022-1"" name=""option[607][1022]"" value=""1"" disabled class=""hide"" required data-price=""139.00""><label for=""option-607-1022-1"" class=""""><span style=""text-decoration:line-through;color:#666666"">Spider Trick Line 30 (out of stock)",0,Spider Slacklines | Pro Line 20 | Renegade
629,Staff Grip Tape,SGT,green (French) ( out of stock) ($5.00),0,Fire staff grip tape | grip tape | staff grips
630,Stage Ball 110mm &amp; 115mm,Stgbal:STG425,4.5 inch red (OUT OF STOCK) ($14.00),0,juggling ball | stage ball | renegade Juggling
631,Stage Ball 110mm &amp; 115mm,Stgbal:STG425,4.5 inch floro orange ( out of stock) ($14.00),0,juggling ball | stage ball | renegade Juggling
632,Stage Ball 110mm &amp; 115mm,Stgbal:STG425,4.5 inch blue (7 IN STOCK) ($14.00),7,juggling ball | stage ball | renegade Juggling
633,StarFlyer Spinning Cloth,SFSC,This product is out of stock,0,star flyer| spinning cloth | plate spinning
634,Stunning Starts and Fancy Finishes for Club Jugglers,Books:SSFFCJ,This product is out of stock,0,Stunning Starts | Club Jugglers | doug dougal
635,Sundia Diabolo Axles,InvDiab:CIRTK,sundia anodized (OUT OF STOCK) ($16.00),0,Sundia and Henrys circus diabolo axle replacement kits
636,Sundia Diabolo Hand-Sticks ,InvDiab:HANDS,Sundia Plastic white/red ( out of stock) ($12.00),0,Diabolo Handsticks | Sundia | Carbon diabolo hand sticks
637,Sundia Diabolo Hand-Sticks ,InvDiab:HANDS,Sundia Plastic white/green ( out of stock) ($12.00),0,Diabolo Handsticks | Sundia | Carbon diabolo hand sticks
638,Sundia Diabolo Hand-Sticks ,InvDiab:HANDS,Sundia Phospho Carbon black (grey) out of stock ($39.00),0,Diabolo Handsticks | Sundia | Carbon diabolo hand sticks
639,Sundia Diabolo String ,InvDiab:Sundiastring,orange (180 feet) ( out of stock) ($21.00),0,Diabolo String Rolls
640,Sundia Diabolo String ,InvDiab:Sundiastring,yellow (180 feet) (OUT OF STOCK) ($21.00),0,Diabolo String Rolls
641,Sundia Diabolo String ,InvDiab:Sundiastring,green (180 feet) (OUT OF STOCK) ($21.00),0,Diabolo String Rolls
642,Sundia Diabolo String ,InvDiab:Sundiastring,white (100 feet) (OUT OF STOCK) ($12.00),0,Diabolo String Rolls
643,Sundia Echo Diabolo Fixed Axle ,InvDiab:SUNDIAECHO,purple (OUT OF STOCK),0,Echo Diabolo | Sunida Diabolo | Chinese YoYo
644,Sundia Echo Diabolo Fixed Axle ,InvDiab:SUNDIAECHO,orange (OUT OF STOCK),0,Echo Diabolo | Sunida Diabolo | Chinese YoYo
645,Sundia Echo Diabolo Fixed Axle ,InvDiab:SUNDIAECHO,Sundia Plastic white/blue (OUT OF STOCK) ($12.00),0,Echo Diabolo | Sunida Diabolo | Chinese YoYo
646,Sundia Echo Diabolo Ratchet Axle (Single Bearing Included),InvDiab:ES,sundia Plastic white/blue (OUT OF STOCK) ($12.00),0,Sundia Shining Diabolo with three different Axle options
647,Sundia Echo Diabolo Ratchet Axle (Single Bearing Included),InvDiab:ES,orange (OUT OF STOCK),0,Sundia Shining Diabolo with three different Axle options
648,Sundia Echo Diabolo Ratchet Axle (Single Bearing Included),InvDiab:ES,purple (OUT OF STOCK),0,Sundia Shining Diabolo with three different Axle options
649,Sundia Evo G2 Fixed Axle Diabolo,InvDiab:SEPF,yellow (1 IN STOCK),1, Evo G2 diabolo | triple bearing | ryo yaba diabolos
650,Sundia Evo G2 Fixed Axle Diabolo,InvDiab:SEPF,red (OUT OF STOCK),0, Evo G2 diabolo | triple bearing | ryo yaba diabolos
651,Sundia Evo G2 Fixed Axle Gold Edition,InvDiab:SEPG,This product is out of stock,0,Evo G2 diabolo | triple bearing | ryo yaba diabolos
652,Sundia Evo G3 Diabolo (Five Bearing Included),InvDiab:SEV3,black ( out of stock),0,Evo G3 diabolo | five bearing diabolo | sundia diabolo
653,Sundia Evo G3 Diabolo (Five Bearing Included),InvDiab:SEV3,orange (OUT OF STOCK),0,Evo G3 diabolo | five bearing diabolo | sundia diabolo
654,Sundia Evo G3 Diabolo (Five Bearing Included),InvDiab:SEV3,white (transparent) ( out of stock),0,Evo G3 diabolo | five bearing diabolo | sundia diabolo
655,Sundia Evo G3 Diabolo (Five Bearing Included),InvDiab:SEV3,purple(OUT OF STOCK),0,Evo G3 diabolo | five bearing diabolo | sundia diabolo
656,Sundia Evo G3 Transparent Fixed Axle Diabolo ,InvDiab:SEP,orange (OUT OF STOCK),0,Evo G2 diabolo | triple bearing | ryo yaba diabolos
657,Sundia Evo G3 Transparent Fixed Axle Diabolo ,InvDiab:SEP,purple (OUT OF STOCK),0,Evo G2 diabolo | triple bearing | ryo yaba diabolos
658,Sundia Evo G3 Transparent Fixed Axle Diabolo ,InvDiab:SEP,sundia plastic blue (OUT OF STOCK) ($12.00),0,Evo G2 diabolo | triple bearing | ryo yaba diabolos
659,Sundia Evo G3 Transparent Fixed Axle Diabolo ,InvDiab:SEP,black (OUT OF STOCK),0,Evo G2 diabolo | triple bearing | ryo yaba diabolos
660,Sundia Falcon Diabolo (triple bearing option),InvDiab:FAL,sundia plastic white/blue (OUT OF STOCK) ($12.00),0,Falcon Diabolo | triple bearing diabolo | sundia diabolo
661,Sundia Falcon Diabolo (triple bearing option),InvDiab:FAL, (out of stock)LED blue/white - WITH USB CABLES ($60.00),0,Falcon Diabolo | triple bearing diabolo | sundia diabolo
662,Sundia Falcon Diabolo (triple bearing option),InvDiab:FAL,orange(OUT OF STOCK),0,Falcon Diabolo | triple bearing diabolo | sundia diabolo
663,Sundia Falcon Diabolo (triple bearing option),InvDiab:FAL, (out of stock) LED blue/white - no USB charger cables ($45.00),0,Falcon Diabolo | triple bearing diabolo | sundia diabolo
664,Sundia Falcon Diabolo (triple bearing option),InvDiab:FAL,green (OUT OF STOCK),0,Falcon Diabolo | triple bearing diabolo | sundia diabolo
665,Sundia Falcon Diabolo (triple bearing option),InvDiab:FAL,purple (OUT OF STOCK),0,Falcon Diabolo | triple bearing diabolo | sundia diabolo
666,Sundia Half Diabolo Top,InvDiab:SHD,green (OUT OF STOCK),0,Half Diabolo | monabolo triple bearing | half sided diabolo
667,Sundia Marble Diabolo (triple bearing option),InvDiab:SHIM,purple/white (OUT OF STOCK),0,Marble Diabolo | triple bearing | sundia diabolo
668,Sundia Marble Diabolo (triple bearing option),InvDiab:SHIM,green/white ( out of stock),0,Marble Diabolo | triple bearing | sundia diabolo
669,Sundia Marble Diabolo (triple bearing option),InvDiab:SHIM,blue/white (OUT OF STOCK),0,Marble Diabolo | triple bearing | sundia diabolo
670,Sundia Micro High Flyer Diabolo (fixed axle),InvDiab:SHHF,Blue (2 IN STOCK),2,Micro Diabolo | high toss diabolo | sundia diabolo
671,Sundia Nimble Diabolo Fixed Axle,InvDiab:SNR,orange (OUT OF STOCK),0,Nimble Diabolo | bearing diabolo | Sundia diabolo
672,Sundia Nimble Diabolo Fixed Axle,InvDiab:SNR,pink (1 IN STOCK),1,Nimble Diabolo | bearing diabolo | Sundia diabolo
673,Sundia Nimble Diabolo Fixed Axle,InvDiab:SNR,yellow (1 IN STOCK),1,Nimble Diabolo | bearing diabolo | Sundia diabolo
674,Sundia Shining Diabolo (triple bearing option),InvDiab:SHI,blue (OUT OF STOCK),0,Shining Diabolo | triple bearing diabolo | sundia diabolo
675,Sundia Shining Diabolo (triple bearing option),InvDiab:SHI, (out of stock)LED blue/white - no USB charger cables ($45.00),0,Shining Diabolo | triple bearing diabolo | sundia diabolo
676,Sundia Shining Diabolo (triple bearing option),InvDiab:SHI, (out of stock)LED blue/white - WITH USB CABLES ($60.00),0,Shining Diabolo | triple bearing diabolo | sundia diabolo
677,Sundia Shining Diabolo (triple bearing option),InvDiab:SHI,sundia plastic white/red ( out of stock) ($12.00),0,Shining Diabolo | triple bearing diabolo | sundia diabolo
678,Sundia Shining Diabolo (triple bearing option),InvDiab:SHI,red (OUT OF STOCK),0,Shining Diabolo | triple bearing diabolo | sundia diabolo
679,Sundia Shining Diabolo (triple bearing option),InvDiab:SHI,sundia plastic white/green( out of stock) ($12.00),0,Shining Diabolo | triple bearing diabolo | sundia diabolo
680,Sundia Trifecta Diabolo,InvDiab:STR,This product is out of stock,0,trifecta Diabolo | five bearing diabolo | sundia diabolo
681,Sundia Whistling Diabolo,InvDiab:SW,This product is out of stock,0,Sundia Whistling Diabolo
682,Swinging and Flying Pole,PoleF,This product is out of stock,0,pole dancing | the pole | aerial arts
683,Swivels with welded rings (size 8 bearing swivel),PSSR,This product is out of stock,0,swivels | welded rings swivels | poi makers
684,Target Whip five and six foot shot loaded,WHIPSshotloadedtarget,red 6 foot (OUT OF STOCK) ($105.00),0,Whips
685,Target Whip five and six foot shot loaded,WHIPSshotloadedtarget,red 5 foot (OUT OF STOCK) ($95.00),0,Whips
686,Top Hat,Hats:TOP,black ( out of stock),0,Top Hat | hat juggling | poll hat
687,Traction Spinning Plate Large (Windbraker),TSP,white translucent/white rim (4 IN STOCK),4,spinning plate | teaching spinning plate | circus school
688,Traction Spinning Plate Large (Windbraker),TSP,charcoal translucent/white rim (3 IN STOCK),3,spinning plate | teaching spinning plate | circus school
689,Traction Spinning Plate Large (Windbraker),TSP,aqua opaque/white rim (OUT OF STOCK),0,spinning plate | teaching spinning plate | circus school
690,Traction Spinning Plate Small (Windbreaker),TSP,white opaque/red rim (OUT OF STOCK),0,spinning plate | teaching spinning plate | circus school
691,Tuban Buttterfly Pro Bubble Wand,PTB,This product is out of stock,0,Soap Bubble | Bubble Wand | bubbles
692,Tuban Giant Bubble Cloud 100cm ,PTC100,This product is out of stock,0,Soap Bubble | Bubble Wand | bubbles
693,Tuban Glasses Bubble Wand,PTG,This product is out of stock,0,Soap Bubble | Bubble Wand | bubbles
694,Tuban Multi Butterfly Bubble Wand,PTBM,This product is out of stock,0,Soap Bubble | Bubble Wand | bubbles
695,Tuban Single Loop Bubble Wand,PTSL,This product is out of stock,0,Soap Bubble | Bubble Wand | bubbles
696,Tuban Smile Wand,PTB,This product is out of stock,0,Tuban Soap Bubble Wand
697,"Utra-Violet Acrylic Balls (blue tint) 65mm, 70mm, 76mm, 90mm, 100mm",Cball:COL100,100mm (OUT OF STOCK) ($40.00),0,Contact Juggling | contact ball | acrylic ball
698,"Utra-Violet Acrylic Balls (blue tint) 65mm, 70mm, 76mm, 90mm, 100mm",Cball:COL100,90mm (OUT OF STOCK) ($38.00),0,Contact Juggling | contact ball | acrylic ball
699,"Vinyl and Clear Tape: 1/2, 3/4 inch",Clubs:partstape,Black 3/4 inch ( out of stock),0,Juggling Club | Juggling club parts | renegade juggling
700,Walking Globes 24 Inch Diameter,WAL,This product is out of stock,0,Walking Globe | walking ball | circus ball
701,Walking Globes 30 Inch Diameter,WAL:WAL30,This product is out of stock,0,Walking Globes
702,Walking Globes 48 Inch Diameter,WAL:WAL48,This product is out of stock,0,Walking Globes
703,"Water on Mars, Wes Peden, Tony Pezzo, Patrik Elmnert",DVD:WATER,This product is out of stock,0,Water On Mars | numbers juggling DVD | juggling performance 
704,"White PU Beanbag Six Panel (72mm, 145 grams)",Bbags:PUL,/Price Per Ball ( 12 in stock),0,PU Beanbag | Vinyl Juggling Balls | beanbags
705,"White PU Beanbag Twelve Panel (65mm, 115 grams)",Bbags:PUM1265,This product is out of stock,0,PU Beanbag | beanbag ball | juggling ball
706,White Silicone Contact Ball 100mm,silicone100,This product is out of stock,0,Contact Juggling | contact ball | silicone contact ball
707,Will Rogers Rope Trick Kit,Books:WILKIT,This product is out of stock,0,Rope Tricks | lasso tricks | learn roping tricks
708,Zao Line 50m and 100m lengths,Slackline,Zao Line 100 meters (OUT OF STOCK) ($149.00),0,Slacklines | Fly Lines | Spider
